Acorn,Date,nb_pts,nb_clients,Conso_kWh
ACORN-A,2012-07-01,48,87.0,16.6787816137931
ACORN-A,2012-07-02,48,87.75,17.2060880368917
ACORN-A,2012-07-03,48,87.6041666666667,17.1105815195664
ACORN-A,2012-07-04,48,88.0,16.2410113579545
ACORN-A,2012-07-05,48,89.9583333333333,15.6751911504798
ACORN-A,2012-07-06,48,90.5,15.5421638638462
ACORN-A,2012-07-07,48,91.6666666666667,15.5565024931199
ACORN-A,2012-07-08,48,92.0,17.0290760891304
ACORN-A,2012-07-09,48,92.4375,15.780765301317
ACORN-A,2012-07-10,48,95.9166666666667,16.0679822389945
ACORN-A,2012-07-11,48,97.625,16.1880196717336
ACORN-A,2012-07-12,48,98.5416666666667,16.5380608020408
ACORN-A,2012-07-13,48,98.9583333333333,15.9862380871367
ACORN-A,2012-07-14,48,99.6458333333333,17.4754976807172
ACORN-A,2012-07-15,48,99.9791666666667,16.9358924272222
ACORN-A,2012-07-16,48,100.0,16.821850008
ACORN-A,2012-07-17,48,100.0,16.502690004
ACORN-A,2012-07-18,48,99.9791666666667,16.214753131303
ACORN-A,2012-07-19,48,100.0,16.781740002
ACORN-A,2012-07-20,48,99.8333333333333,16.2348113103478
ACORN-A,2012-07-21,48,100.0,16.547930001
ACORN-A,2012-07-22,48,100.0,16.354869982
ACORN-A,2012-07-23,48,100.0,15.72444
ACORN-A,2012-07-24,48,99.9166666666667,15.0655829196667
ACORN-A,2012-07-25,48,100.0,15.31507
ACORN-A,2012-07-26,48,100.0,15.292760008
ACORN-A,2012-07-27,48,100.0,16.110590006
ACORN-A,2012-07-28,48,100.0,16.215890003
ACORN-A,2012-07-29,48,100.0,17.215389981
ACORN-A,2012-07-30,48,100.0,16.131490015
ACORN-A,2012-07-31,48,99.6875,17.242607272697
ACORN-A,2012-08-01,48,100.0,15.829279997
ACORN-A,2012-08-02,48,100.0,15.644580003
ACORN-A,2012-08-03,48,100.979166666667,15.8164455376238
ACORN-A,2012-08-04,48,100.0,15.9705958906003
ACORN-A,2012-08-05,48,100.979166666667,17.0354878336634
ACORN-A,2012-08-06,48,101.0,16.5578712861386
ACORN-A,2012-08-07,48,101.0,17.0709604009901
ACORN-A,2012-08-08,48,101.0,16.1268712980198
ACORN-A,2012-08-09,48,100.0,16.3873737183814
ACORN-A,2012-08-10,48,100.958333333333,15.6594996089109
ACORN-A,2012-08-11,48,101.0,16.1281386079208
ACORN-A,2012-08-12,48,100.020833333333,16.4563748534851
ACORN-A,2012-08-13,48,100.979166666667,16.7810037643465
ACORN-A,2012-08-14,48,101.0,16.2351881267327
ACORN-A,2012-08-15,48,101.0,16.0276831683168
ACORN-A,2012-08-16,48,101.0,15.6590792
ACORN-A,2012-08-17,48,101.0,15.1516237653465
ACORN-A,2012-08-18,48,100.6875,15.8187130132813
ACORN-A,2012-08-19,48,99.5416666666667,17.2786023986904
ACORN-A,2012-08-20,48,99.7916666666667,16.2080750960612
ACORN-A,2012-08-21,48,100.979166666667,16.2133075276931
ACORN-A,2012-08-22,48,100.020833333333,15.8232886018515
ACORN-A,2012-08-23,48,100.979166666667,16.6794502109109
ACORN-A,2012-08-24,48,101.0,16.1256237693069
ACORN-A,2012-08-25,48,100.020833333333,16.5502855395545
ACORN-A,2012-08-26,48,100.979166666667,16.0456048544554
ACORN-A,2012-08-27,48,101.0,16.7410693
ACORN-A,2012-08-28,48,101.0,15.9637821772277
ACORN-A,2012-08-29,48,100.0,17.0004630262923
ACORN-A,2012-08-30,48,100.979166666667,17.693707428703
ACORN-A,2012-08-31,48,101.0,17.4434653435644
ACORN-A,2012-09-01,48,100.020833333333,17.2989529583069
ACORN-A,2012-09-02,48,100.979166666667,18.7007004019703
ACORN-A,2012-09-03,48,101.0,17.1566336594059
ACORN-A,2012-09-04,48,100.875,16.9359700890396
ACORN-A,2012-09-05,48,100.958333333333,16.5015104831584
ACORN-A,2012-09-06,48,101.0,16.3215841574257
ACORN-A,2012-09-07,48,101.0,15.6818019811881
ACORN-A,2012-09-08,48,101.0,16.6527821653465
ACORN-A,2012-09-09,48,100.875,16.9794906803335
ACORN-A,2012-09-10,48,101.0,17.7860890930693
ACORN-A,2012-09-11,48,101.0,16.9410891089109
ACORN-A,2012-09-12,48,101.0,17.0267029613861
ACORN-A,2012-09-13,48,101.583333333333,17.218878083906
ACORN-A,2012-09-14,48,102.5625,16.5774054845326
ACORN-A,2012-09-15,48,103.0,17.1922912650485
ACORN-A,2012-09-16,48,103.0,18.7304563145631
ACORN-A,2012-09-17,48,105.1875,17.5985537804935
ACORN-A,2012-09-18,48,107.625,17.1742583893043
ACORN-A,2012-09-19,48,109.583333333333,17.3371987632742
ACORN-A,2012-09-20,48,109.979166666667,17.3591383707339
ACORN-A,2012-09-21,48,111.208333333333,16.8900332571702
ACORN-A,2012-09-22,48,112.0,17.7341071258929
ACORN-A,2012-09-23,48,111.020833333333,21.1740228469755
ACORN-A,2012-09-24,48,111.5625,19.563041431612
ACORN-A,2012-09-25,48,112.9375,18.7803753987438
ACORN-A,2012-09-26,48,113.0,18.8039026610619
ACORN-A,2012-09-27,48,113.0,18.5437699212389
ACORN-A,2012-09-28,48,112.541666666667,18.978388119484
ACORN-A,2012-09-29,48,114.958333333333,18.997972543524
ACORN-A,2012-09-30,48,115.979166666667,20.1008796196702
ACORN-A,2012-10-01,48,117.416666666667,19.3187854935015
ACORN-A,2012-10-02,48,119.9375,19.3285172213576
ACORN-A,2012-10-03,48,121.458333333333,18.9778907941471
ACORN-A,2012-10-04,48,121.6875,19.2042429160954
ACORN-A,2012-10-05,48,122.0,19.5215983713115
ACORN-A,2012-10-06,48,121.645833333333,18.5783301706135
ACORN-A,2012-10-07,48,122.979166666667,19.624444281634
ACORN-A,2012-10-08,48,124.083333333333,19.8415354596191
ACORN-A,2012-10-09,48,126.708333333333,19.011100775097
ACORN-A,2012-10-10,48,128.479166666667,19.0354524061168
ACORN-A,2012-10-11,48,130.229166666667,19.9058529178489
ACORN-A,2012-10-12,48,133.645833333333,18.1934633523114
ACORN-A,2012-10-13,48,135.0,19.7546074148148
ACORN-A,2012-10-14,48,135.0,20.6816518496296
ACORN-A,2012-10-15,48,135.645833333333,20.0094942302342
ACORN-A,2012-10-16,48,137.854166666667,18.7914568204155
ACORN-A,2012-10-17,48,139.8125,18.4209170200405
ACORN-A,2012-10-18,48,141.479166666667,18.3026460227164
ACORN-A,2012-10-19,48,143.458333333333,18.8837588862665
ACORN-A,2012-10-20,48,144.0,19.2534583291667
ACORN-A,2012-10-21,48,144.0,19.84468054375
ACORN-A,2012-10-22,48,145.416666666667,18.9577345836316
ACORN-A,2012-10-23,48,148.083333333333,18.8421696036933
ACORN-A,2012-10-24,48,150.604166666667,18.6152798220764
ACORN-A,2012-10-25,48,153.104166666667,18.3912022262612
ACORN-A,2012-10-26,48,154.625,19.6469656911269
ACORN-A,2012-10-27,48,155.0,20.4762387187097
ACORN-A,2012-10-28,48,155.0,21.2381419393548
ACORN-A,2012-10-29,48,154.958333333333,19.9994446095685
ACORN-A,2012-10-30,48,154.9375,20.4887863987683
ACORN-A,2012-10-31,48,155.0,20.6673161322581
ACORN-A,2012-11-01,48,154.979166666667,20.7127401314747
ACORN-A,2012-11-02,48,154.916666666667,20.3896563403938
ACORN-A,2012-11-03,48,155.0,21.3957290219355
ACORN-A,2012-11-04,48,154.979166666667,23.8962217073439
ACORN-A,2012-11-05,48,154.708333333333,21.1887685798282
ACORN-A,2012-11-06,48,155.0,20.8625870987097
ACORN-A,2012-11-07,48,154.020833333333,20.1440407494763
ACORN-A,2012-11-08,48,153.020833333333,20.4047600804473
ACORN-A,2012-11-09,48,154.958333333333,19.8196247535653
ACORN-A,2012-11-10,48,155.0,21.254322583871
ACORN-A,2012-11-11,48,155.0,22.4092774090323
ACORN-A,2012-11-12,48,154.979166666667,21.3619518558777
ACORN-A,2012-11-13,48,155.0,19.2993612954839
ACORN-A,2012-11-14,48,155.0,19.8850515974194
ACORN-A,2012-11-15,48,155.0,20.2464580425806
ACORN-A,2012-11-16,48,154.916666666667,21.170873765597
ACORN-A,2012-11-17,48,155.0,21.1224645135484
ACORN-A,2012-11-18,48,155.0,22.8070451741935
ACORN-A,2012-11-19,48,155.0,21.1514903219355
ACORN-A,2012-11-20,48,154.020833333333,20.4220987269543
ACORN-A,2012-11-21,48,154.979166666667,20.8695689555551
ACORN-A,2012-11-22,48,155.0,20.3744580722581
ACORN-A,2012-11-23,48,154.979166666667,20.1676224162966
ACORN-A,2012-11-24,48,154.020833333333,23.2949685489527
ACORN-A,2012-11-25,48,154.979166666667,22.454959918806
ACORN-A,2012-11-26,48,154.916666666667,21.1640590274277
ACORN-A,2012-11-27,48,155.0,21.1685741974194
ACORN-A,2012-11-28,48,154.979166666667,21.9789254558065
ACORN-A,2012-11-29,48,155.0,21.7920903380645
ACORN-A,2012-11-30,48,154.979166666667,22.2800816473858
ACORN-A,2012-12-01,48,155.0,24.2484000103226
ACORN-A,2012-12-02,48,155.0,24.6489806354839
ACORN-A,2012-12-03,48,154.9375,23.2587315013532
ACORN-A,2012-12-04,48,154.916666666667,22.2843015520067
ACORN-A,2012-12-05,48,154.979166666667,23.8404198388521
ACORN-A,2012-12-06,48,154.979166666667,24.2238558828236
ACORN-A,2012-12-07,48,154.979166666667,23.3227795269334
ACORN-A,2012-12-08,48,154.958333333333,23.6944071090239
ACORN-A,2012-12-09,48,154.770833333333,24.870394523181
ACORN-A,2012-12-10,48,155.0,24.2775612864516
ACORN-A,2012-12-11,48,145.1875,23.816473134162
ACORN-A,2012-12-12,48,155.75,25.463791358108
ACORN-A,2012-12-13,48,156.0,25.6926859032051
ACORN-A,2012-12-14,48,156.0,25.1982948775641
ACORN-A,2012-12-15,48,156.0,23.8697051237179
ACORN-A,2012-12-16,48,155.5625,23.7312202308688
ACORN-A,2012-12-17,48,156.0,22.4108846141026
ACORN-A,2012-12-18,48,154.833333333333,23.0533887624648
ACORN-A,2012-12-19,48,153.75,23.647949939473
ACORN-A,2012-12-20,48,154.708333333333,23.2428385739959
ACORN-A,2012-12-21,48,155.0,22.7003354845161
ACORN-A,2012-12-22,48,154.0,23.6138526088821
ACORN-A,2012-12-23,48,154.833333333333,22.4304014559555
ACORN-A,2012-12-24,48,154.020833333333,24.2861499527482
ACORN-A,2012-12-25,48,154.979166666667,26.5127424736447
ACORN-A,2012-12-26,48,154.979166666667,23.9849396261709
ACORN-A,2012-12-27,48,155.0,23.4256064393548
ACORN-A,2012-12-28,48,155.0,22.9728322619355
ACORN-A,2012-12-29,48,154.9375,22.4915774509049
ACORN-A,2012-12-30,48,154.979166666667,23.0677393754629
ACORN-A,2012-12-31,48,155.0,23.7726903154839
ACORN-A,2013-01-01,48,154.979166666667,23.2798089175283
ACORN-A,2013-01-02,48,154.979166666667,22.9839506938249
ACORN-A,2013-01-03,48,154.979166666667,21.5187501930415
ACORN-A,2013-01-04,48,154.020833333333,21.5972186400628
ACORN-A,2013-01-05,48,154.979166666667,22.8907233308546
ACORN-A,2013-01-06,48,154.979166666667,24.2260016286929
ACORN-A,2013-01-07,48,154.979166666667,22.6002567722539
ACORN-A,2013-01-08,48,155.0,21.5451290245161
ACORN-A,2013-01-09,48,154.020833333333,21.646885053075
ACORN-A,2013-01-10,48,154.9375,23.4526216747749
ACORN-A,2013-01-11,48,154.979166666667,22.347531174646
ACORN-A,2013-01-12,48,155.0,24.6974000019355
ACORN-A,2013-01-13,48,154.979166666667,25.4060327627147
ACORN-A,2013-01-14,48,154.020833333333,25.2401654365019
ACORN-A,2013-01-15,48,154.979166666667,23.9434270497067
ACORN-A,2013-01-16,48,155.0,24.0469354974194
ACORN-A,2013-01-17,48,155.0,24.9652580567742
ACORN-A,2013-01-18,48,155.0,26.4147548296774
ACORN-A,2013-01-19,48,155.0,27.7350386909677
ACORN-A,2013-01-20,48,155.0,28.9015096683871
ACORN-A,2013-01-21,48,155.0,25.7083806354839
ACORN-A,2013-01-22,48,155.0,25.0240838683871
ACORN-A,2013-01-23,48,155.0,23.6028774077419
ACORN-A,2013-01-24,48,155.0,24.3622774122581
ACORN-A,2013-01-25,48,155.0,24.4970258025806
ACORN-A,2013-01-26,48,155.0,22.7917612909677
ACORN-A,2013-01-27,48,155.0,23.8965096890323
ACORN-A,2013-01-28,48,155.0,22.5815483845161
ACORN-A,2013-01-29,48,154.75,22.27739275638
ACORN-A,2013-01-30,48,154.979166666667,20.8596689123796
ACORN-A,2013-01-31,48,155.0,21.6581483716129
ACORN-A,2013-02-01,48,155.0,22.5776515974194
ACORN-A,2013-02-02,48,155.0,22.0700774348387
ACORN-A,2013-02-03,48,155.0,23.493574196129
ACORN-A,2013-02-04,48,155.0,20.9111419419355
ACORN-A,2013-02-05,48,155.0,21.4877935451613
ACORN-A,2013-02-06,48,155.0,21.7673806380645
ACORN-A,2013-02-07,48,155.0,22.0041935522581
ACORN-A,2013-02-08,48,154.020833333333,22.0798764924969
ACORN-A,2013-02-09,48,154.854166666667,23.8940723410046
ACORN-A,2013-02-10,48,154.958333333333,24.2953105726123
ACORN-A,2013-02-11,48,154.875,23.9108044061658
ACORN-A,2013-02-12,48,155.0,23.2687870916129
ACORN-A,2013-02-13,48,155.0,22.6978386890323
ACORN-A,2013-02-14,48,153.041666666667,22.1607229872865
ACORN-A,2013-02-15,48,153.979166666667,21.4767165305534
ACORN-A,2013-02-16,48,154.958333333333,20.9040389404357
ACORN-A,2013-02-17,48,154.020833333333,22.6204289491202
ACORN-A,2013-02-18,48,154.979166666667,21.6356487538165
ACORN-A,2013-02-19,48,153.479166666667,21.0633136296824
ACORN-A,2013-02-20,48,154.0,21.0758246441558
ACORN-A,2013-02-21,48,154.0,22.9228831376623
ACORN-A,2013-02-22,48,153.895833333333,23.7334952601944
ACORN-A,2013-02-23,48,154.0,24.6173766441558
ACORN-A,2013-02-24,48,154.0,24.8247921935065
ACORN-A,2013-02-25,48,154.916666666667,23.6576584401085
ACORN-A,2013-02-26,48,154.979166666667,22.421926978186
ACORN-A,2013-02-27,48,154.979166666667,21.2064249524508
ACORN-A,2013-02-28,48,154.791666666667,21.825430260356
ACORN-A,2013-03-01,48,155.0,22.4281935587097
ACORN-A,2013-03-02,48,155.0,23.7569161496774
ACORN-A,2013-03-03,48,155.0,23.7739290277419
ACORN-A,2013-03-04,48,154.0,21.3110714279221
ACORN-A,2013-03-05,48,154.0,20.3324675318182
ACORN-A,2013-03-06,48,152.958333333333,19.838866465427
ACORN-A,2013-03-07,48,153.979166666667,20.7412962481496
ACORN-A,2013-03-08,48,154.0,20.3826103824675
ACORN-A,2013-03-09,48,154.0,22.4320259584416
ACORN-A,2013-03-10,48,153.895833333333,24.1553141845472
ACORN-A,2013-03-11,48,153.895833333333,24.635815562796
ACORN-A,2013-03-12,48,154.0,23.6810909058442
ACORN-A,2013-03-13,48,154.0,22.49624675
ACORN-A,2013-03-14,48,153.6875,21.9424101549576
ACORN-A,2013-03-15,48,154.0,21.1275584409091
ACORN-A,2013-03-16,48,153.979166666667,22.4144478050929
ACORN-A,2013-03-17,48,154.0,23.2636818233766
ACORN-A,2013-03-18,48,153.020833333333,22.2674068611408
ACORN-A,2013-03-19,48,153.979166666667,21.5091946007894
ACORN-A,2013-03-20,48,154.0,21.6806039142857
ACORN-A,2013-03-21,48,153.875,21.0067338883541
ACORN-A,2013-03-22,48,153.958333333333,21.9656326857826
ACORN-A,2013-03-23,48,154.0,25.222896111039
ACORN-A,2013-03-24,48,154.0,26.045694811039
ACORN-A,2013-03-25,48,154.0,24.9215714181818
ACORN-A,2013-03-26,48,153.9375,24.1254714820499
ACORN-A,2013-03-27,48,152.979166666667,23.0421975723082
ACORN-A,2013-03-28,48,152.979166666667,22.4418618870786
ACORN-A,2013-03-29,48,153.0,22.4038170052288
ACORN-A,2013-03-30,48,153.0,22.0143594745098
ACORN-A,2013-03-31,48,153.0,22.982862769281
ACORN-A,2013-04-01,48,153.0,22.4452156875817
ACORN-A,2013-04-02,48,153.0,21.084594769281
ACORN-A,2013-04-03,48,153.0,22.6285817084967
ACORN-A,2013-04-04,48,153.0,23.5692810660131
ACORN-A,2013-04-05,48,152.9375,21.3542352889281
ACORN-A,2013-04-06,48,153.0,19.9561045751634
ACORN-A,2013-04-07,48,152.0,20.3669539407895
ACORN-A,2013-04-08,48,152.0,19.9864539486842
ACORN-A,2013-04-09,48,151.479166666667,20.8623170113803
ACORN-A,2013-04-10,48,151.979166666667,19.6197111375915
ACORN-A,2013-04-11,48,152.0,20.4488289480263
ACORN-A,2013-04-12,48,152.0,19.3878749888158
ACORN-A,2013-04-13,48,152.0,19.7122960388158
ACORN-A,2013-04-14,48,152.0,18.1833552486842
ACORN-A,2013-04-15,48,151.979166666667,18.1347933427893
ACORN-A,2013-04-16,48,152.0,17.9046973618421
ACORN-A,2013-04-17,48,151.875,17.7615885089402
ACORN-A,2013-04-18,48,152.0,17.3849802611842
ACORN-A,2013-04-19,48,152.0,17.5895921059211
ACORN-A,2013-04-20,48,151.9375,18.1607755704345
ACORN-A,2013-04-21,48,151.979166666667,18.7383913760892
ACORN-A,2013-04-22,48,152.0,18.3356052578947
ACORN-A,2013-04-23,48,152.0,15.9371710526316
ACORN-A,2013-04-24,48,152.0,15.2051118342105
ACORN-A,2013-04-25,48,151.020833333333,14.9023375714186
ACORN-A,2013-04-26,48,151.979166666667,16.161755308862
ACORN-A,2013-04-27,48,152.0,17.6757697401316
ACORN-A,2013-04-28,48,152.0,17.7655263203947
ACORN-A,2013-04-29,48,152.0,16.7262631572368
ACORN-A,2013-04-30,48,151.895833333333,16.3078453198252
ACORN-A,2013-05-01,48,152.0,16.0494868526316
ACORN-A,2013-05-02,48,151.875,15.7226493743289
ACORN-A,2013-05-03,48,152.0,15.4742763342105
ACORN-A,2013-05-04,48,152.0,17.0491315789474
ACORN-A,2013-05-05,48,152.0,16.5050394756579
ACORN-A,2013-05-06,48,152.0,16.2115657842105
ACORN-A,2013-05-07,48,152.0,15.4264144644737
ACORN-A,2013-05-08,48,152.0,16.3584802605263
ACORN-A,2013-05-09,48,152.0,16.5827039401316
ACORN-A,2013-05-10,48,152.0,15.8493026282895
ACORN-A,2013-05-11,48,152.0,17.3136447361842
ACORN-A,2013-05-12,48,151.770833333333,17.7292233383191
ACORN-A,2013-05-13,48,152.0,16.1286907901316
ACORN-A,2013-05-14,48,152.0,17.3950131789474
ACORN-A,2013-05-15,48,151.020833333333,16.5331283112583
ACORN-A,2013-05-16,48,151.0,15.9124768264901
ACORN-A,2013-05-17,48,150.854166666667,17.4417930324503
ACORN-A,2013-05-18,48,151.0,16.280152315894
ACORN-A,2013-05-19,48,151.0,16.179589402649
ACORN-A,2013-05-20,48,151.0,16.3495695370861
ACORN-A,2013-05-21,48,151.0,16.190728486755
ACORN-A,2013-05-22,48,151.0,16.1025761523179
ACORN-A,2013-05-23,48,151.0,16.7909536476821
ACORN-A,2013-05-24,48,151.0,18.1746556344371
ACORN-A,2013-05-25,48,150.020833333333,16.2663774359603
ACORN-A,2013-05-26,48,150.979166666667,15.7741482995629
ACORN-A,2013-05-27,48,151.0,15.5908410543046
ACORN-A,2013-05-28,48,151.0,16.8385629172185
ACORN-A,2013-05-29,48,151.0,16.8879271470199
ACORN-A,2013-05-30,48,151.0,16.7874503370861
ACORN-A,2013-05-31,48,150.958333333333,15.2700610183119
ACORN-A,2013-06-01,48,151.0,15.2585629006623
ACORN-A,2013-06-02,48,151.0,15.827059597351
ACORN-A,2013-06-03,48,151.0,14.9829006642384
ACORN-A,2013-06-04,48,151.0,14.8533443774834
ACORN-A,2013-06-05,48,150.875,14.6084929963865
ACORN-A,2013-06-06,48,151.0,14.7740198615894
ACORN-A,2013-06-07,48,151.0,15.1232847735099
ACORN-A,2013-06-08,48,150.958333333333,15.1836647194084
ACORN-A,2013-06-09,48,150.979166666667,17.3642833560795
ACORN-A,2013-06-10,48,150.958333333333,16.1264011674163
ACORN-A,2013-06-11,48,151.0,15.8430993377483
ACORN-A,2013-06-12,48,150.979166666667,16.3140686889625
ACORN-A,2013-06-13,48,151.0,16.2295231761589
ACORN-A,2013-06-14,48,150.979166666667,15.2494285637925
ACORN-A,2013-06-15,48,151.0,16.2261854298013
ACORN-A,2013-06-16,48,151.0,15.757351002649
ACORN-A,2013-06-17,48,151.0,14.8005695271523
ACORN-A,2013-06-18,48,151.0,15.1155827807947
ACORN-A,2013-06-19,48,150.979166666667,14.7112087878543
ACORN-A,2013-06-20,48,151.0,14.9204966874172
ACORN-A,2013-06-21,48,151.0,15.088324494702
ACORN-A,2013-06-22,48,150.020833333333,15.8160675938234
ACORN-A,2013-06-23,48,150.0,16.9570400066667
ACORN-A,2013-06-24,48,149.958333333333,16.3018246045101
ACORN-A,2013-06-25,48,150.0,15.297933322
ACORN-A,2013-06-26,48,150.979166666667,14.8889709571744
ACORN-A,2013-06-27,48,150.666666666667,15.2870417719912
ACORN-A,2013-06-28,48,149.666666666667,15.5953419406278
ACORN-A,2013-06-29,48,150.979166666667,14.6495638450331
ACORN-A,2013-06-30,48,151.0,14.3333509960265
ACORN-A,2013-07-01,48,149.958333333333,14.4100145367156
ACORN-A,2013-07-02,48,150.979166666667,15.6072160693201
ACORN-A,2013-07-03,48,150.9375,15.6343365187638
ACORN-A,2013-07-04,48,150.0,14.8496078916102
ACORN-A,2013-07-05,48,150.0,14.1767999926667
ACORN-A,2013-07-06,48,150.0,14.2719066673333
ACORN-A,2013-07-07,48,150.0,14.165633332
ACORN-A,2013-07-08,48,150.979166666667,14.0050750123576
ACORN-A,2013-07-09,48,150.875,13.7207697564989
ACORN-A,2013-07-10,48,151.0,14.3429271562914
ACORN-A,2013-07-11,48,151.0,14.1289205350993
ACORN-A,2013-07-12,48,149.041666666667,13.6925494910885
ACORN-A,2013-07-13,48,150.916666666667,13.8999737341526
ACORN-A,2013-07-14,48,150.020833333333,14.6028304609183
ACORN-A,2013-07-15,48,150.833333333333,14.3531605655995
ACORN-A,2013-07-16,48,151.0,13.910887413245
ACORN-A,2013-07-17,48,151.0,13.8053708615894
ACORN-A,2013-07-18,48,151.0,13.8255761721854
ACORN-A,2013-07-19,48,151.0,13.8629602649007
ACORN-A,2013-07-20,48,150.916666666667,14.5927354558455
ACORN-A,2013-07-21,48,150.791666666667,14.479773631117
ACORN-A,2013-07-22,48,151.0,14.2653642337748
ACORN-A,2013-07-23,48,150.979166666667,14.6151699772671
ACORN-A,2013-07-24,48,150.833333333333,13.795410774596
ACORN-A,2013-07-25,48,150.875,14.0608306837608
ACORN-A,2013-07-26,48,150.0,13.556700006
ACORN-A,2013-07-27,48,149.020833333333,14.003256114094
ACORN-A,2013-07-28,48,149.604166666667,13.7045300347347
ACORN-A,2013-07-29,48,150.0,13.75885333
ACORN-A,2013-07-30,48,150.0,14.6099866693333
ACORN-A,2013-07-31,48,149.0,13.8818066573342
ACORN-A,2013-08-01,48,149.0,13.8219865785235
ACORN-A,2013-08-02,48,149.0,14.3369731516779
ACORN-A,2013-08-03,48,149.0,13.3785100711409
ACORN-A,2013-08-04,48,149.0,14.1146107395973
ACORN-A,2013-08-05,48,147.041666666667,14.2258595551249
ACORN-A,2013-08-06,48,148.958333333333,14.0086299613706
ACORN-A,2013-08-07,48,148.979166666667,13.4920582753855
ACORN-A,2013-08-08,48,148.020833333333,13.9820215887221
ACORN-A,2013-08-09,48,147.020833333333,14.033678113155
ACORN-A,2013-08-10,48,147.979166666667,14.5312539022339
ACORN-A,2013-08-11,48,148.958333333333,14.366175941715
ACORN-A,2013-08-12,48,148.0,14.7137094628378
ACORN-A,2013-08-13,48,146.041666666667,14.766608109478
ACORN-A,2013-08-14,48,147.958333333333,14.9624436279341
ACORN-A,2013-08-15,48,148.0,15.0550945939189
ACORN-A,2013-08-16,48,147.916666666667,15.5102113480511
ACORN-A,2013-08-17,48,148.0,15.5199324412162
ACORN-A,2013-08-18,48,147.020833333333,14.7427505015306
ACORN-A,2013-08-19,48,147.979166666667,15.4107171720031
ACORN-A,2013-08-20,48,146.041666666667,14.1598270064698
ACORN-A,2013-08-21,48,146.979166666667,14.8610332667412
ACORN-A,2013-08-22,48,147.916666666667,15.5073871513649
ACORN-A,2013-08-23,48,148.0,14.2200675655405
ACORN-A,2013-08-24,48,148.0,15.6707635114865
ACORN-A,2013-08-25,48,146.979166666667,14.8825434110202
ACORN-A,2013-08-26,48,147.833333333333,14.979115412392
ACORN-A,2013-08-27,48,147.9375,14.9638063955415
ACORN-A,2013-08-28,48,148.0,14.5947229844595
ACORN-A,2013-08-29,48,147.75,14.42883425938
ACORN-A,2013-08-30,48,147.020833333333,14.6856036056444
ACORN-A,2013-08-31,48,147.979166666667,14.9232881983821
ACORN-A,2013-09-01,48,146.041666666667,16.027786370622
ACORN-A,2013-09-02,48,147.8125,14.992719967895
ACORN-A,2013-09-03,48,146.041666666667,14.8669289159015
ACORN-A,2013-09-04,48,147.958333333333,14.5797483251759
ACORN-A,2013-09-05,48,146.979166666667,15.1668937975178
ACORN-A,2013-09-06,48,146.020833333333,15.7273272219877
ACORN-A,2013-09-07,48,147.958333333333,16.3448292211218
ACORN-A,2013-09-08,48,147.979166666667,17.0313362338206
ACORN-A,2013-09-09,48,147.020833333333,17.6970029389961
ACORN-A,2013-09-10,48,147.979166666667,16.9829671314488
ACORN-A,2013-09-11,48,147.0,17.4074590125325
ACORN-A,2013-09-12,48,147.0,16.6641088442177
ACORN-A,2013-09-13,48,147.0,16.9541224435374
ACORN-A,2013-09-14,48,147.0,18.6743945680272
ACORN-A,2013-09-15,48,147.979166666667,18.5034728411657
ACORN-A,2013-09-16,48,147.020833333333,16.3988569082736
ACORN-A,2013-09-17,48,147.979166666667,17.3205053325382
ACORN-A,2013-09-18,48,147.020833333333,16.6034766157244
ACORN-A,2013-09-19,48,146.979166666667,17.3947992765446
ACORN-A,2013-09-20,48,146.020833333333,16.3610473860824
ACORN-A,2013-09-21,48,146.979166666667,17.2771541274578
ACORN-A,2013-09-22,48,147.0,17.5713333319728
ACORN-A,2013-09-23,48,147.0,16.8237074857143
ACORN-A,2013-09-24,48,146.020833333333,15.8502702464495
ACORN-A,2013-09-25,48,146.958333333333,16.0503795429923
ACORN-A,2013-09-26,48,147.0,16.3799795829932
ACORN-A,2013-09-27,48,146.979166666667,15.9141909441758
ACORN-A,2013-09-28,48,146.020833333333,16.7234180898379
ACORN-A,2013-09-29,48,146.0,17.7278561719178
ACORN-A,2013-09-30,48,146.979166666667,16.8093760606933
ACORN-A,2013-10-01,48,147.0,16.5225237986395
ACORN-A,2013-10-02,48,147.0,16.6063741469388
ACORN-A,2013-10-03,48,147.0,16.9637551040816
ACORN-A,2013-10-04,48,146.9375,16.2799409634318
ACORN-A,2013-10-05,48,146.020833333333,17.099631959631
ACORN-A,2013-10-06,48,146.0,17.7886506835616
ACORN-A,2013-10-07,48,146.958333333333,17.4754993333892
ACORN-A,2013-10-08,48,146.9375,16.6055188546485
ACORN-A,2013-10-09,48,145.895833333333,16.7579716576216
ACORN-A,2013-10-10,48,146.854166666667,17.5133543958438
ACORN-A,2013-10-11,48,146.0,17.731641090677
ACORN-A,2013-10-12,48,146.6875,17.6746827854627
ACORN-A,2013-10-13,48,147.0,20.0611632564626
ACORN-A,2013-10-14,48,146.0,19.0034008693074
ACORN-A,2013-10-15,48,145.979166666667,18.0568791624752
ACORN-A,2013-10-16,48,145.020833333333,18.7226673929145
ACORN-A,2013-10-17,48,144.020833333333,17.468853116499
ACORN-A,2013-10-18,48,144.979166666667,17.2306829439847
ACORN-A,2013-10-19,48,145.0,17.7285310358621
ACORN-A,2013-10-20,48,144.020833333333,18.5497586984195
ACORN-A,2013-10-21,48,144.979166666667,17.3008613512596
ACORN-A,2013-10-22,48,144.958333333333,16.4370480326453
ACORN-A,2013-10-23,48,144.8125,16.2104312019264
ACORN-A,2013-10-24,48,145.979166666667,16.6177389709164
ACORN-A,2013-10-25,48,145.979166666667,16.6753501605338
ACORN-A,2013-10-26,48,146.0,17.3314657465753
ACORN-A,2013-10-27,48,146.0,17.9278630150685
ACORN-A,2013-10-28,48,145.9375,18.4252897718651
ACORN-A,2013-10-29,48,146.0,18.8952671164384
ACORN-A,2013-10-30,48,145.958333333333,19.765020696495
ACORN-A,2013-10-31,48,145.020833333333,20.0264980819178
ACORN-A,2013-11-01,48,145.791666666667,18.345782641776
ACORN-A,2013-11-02,48,146.0,19.1064794678082
ACORN-A,2013-11-03,48,146.0,21.1771780705479
ACORN-A,2013-11-04,48,145.958333333333,20.220025976465
ACORN-A,2013-11-05,48,144.979166666667,20.9183239473698
ACORN-A,2013-11-06,48,145.9375,20.6958999486538
ACORN-A,2013-11-07,48,145.875,19.4363898831129
ACORN-A,2013-11-08,48,146.0,21.0528287719178
ACORN-A,2013-11-09,48,146.0,21.6006575376712
ACORN-A,2013-11-10,48,145.958333333333,21.8349633806982
ACORN-A,2013-11-11,48,146.0,20.6352945123288
ACORN-A,2013-11-12,48,146.0,19.9863698650685
ACORN-A,2013-11-13,48,146.0,21.5319383458904
ACORN-A,2013-11-14,48,145.020833333333,20.4362860762258
ACORN-A,2013-11-15,48,145.979166666667,21.0193920710864
ACORN-A,2013-11-16,48,146.0,21.664068490411
ACORN-A,2013-11-17,48,146.0,22.2447054979452
ACORN-A,2013-11-18,48,145.979166666667,21.2377457805385
ACORN-A,2013-11-19,48,146.0,20.8331917842466
ACORN-A,2013-11-20,48,146.0,22.3533356239726
ACORN-A,2013-11-21,48,144.9375,21.4263185365469
ACORN-A,2013-11-22,48,144.020833333333,21.165323032227
ACORN-A,2013-11-23,48,144.0,22.4527708375
ACORN-A,2013-11-24,48,142.020833333333,23.6133228912095
ACORN-A,2013-11-25,48,142.979166666667,21.7710141407417
ACORN-A,2013-11-26,48,143.0,20.838475551049
ACORN-A,2013-11-27,48,143.0,20.7309580370629
ACORN-A,2013-11-28,48,143.0,20.4572447706294
ACORN-A,2013-11-29,48,143.0,20.3919580433566
ACORN-A,2013-11-30,48,143.0,21.392146858042
ACORN-A,2013-12-01,48,143.0,22.3425664328671
ACORN-A,2013-12-02,48,142.854166666667,21.1908057292164
ACORN-A,2013-12-03,48,143.0,21.8220489468531
ACORN-A,2013-12-04,48,143.0,22.222244751049
ACORN-A,2013-12-05,48,143.0,22.5381748244755
ACORN-A,2013-12-06,48,143.0,21.2887482335664
ACORN-A,2013-12-07,48,143.0,22.5718251706294
ACORN-A,2013-12-08,48,142.020833333333,21.6409880042746
ACORN-A,2013-12-09,48,141.979166666667,20.7044510566527
ACORN-A,2013-12-10,48,140.979166666667,21.4377751344529
ACORN-A,2013-12-11,48,141.979166666667,21.7720682607981
ACORN-A,2013-12-12,48,142.0,21.8622324049296
ACORN-A,2013-12-13,48,142.0,21.1282817035211
ACORN-A,2013-12-14,48,142.0,22.066063378169
ACORN-A,2013-12-15,48,142.0,22.8557112676056
ACORN-A,2013-12-16,48,141.958333333333,21.0688832291479
ACORN-A,2013-12-17,48,142.0,21.280507034507
ACORN-A,2013-12-18,48,142.0,21.0458732302817
ACORN-A,2013-12-19,48,141.958333333333,22.0168971760563
ACORN-A,2013-12-20,48,142.0,22.4270985852113
ACORN-A,2013-12-21,48,141.916666666667,24.1389474254295
ACORN-A,2013-12-22,48,141.020833333333,22.6938900330337
ACORN-A,2013-12-23,48,141.0,22.4484184574468
ACORN-A,2013-12-24,48,140.708333333333,23.3585047802558
ACORN-A,2013-12-25,48,141.0,27.0996737574468
ACORN-A,2013-12-26,48,140.979166666667,26.0208426987741
ACORN-A,2013-12-27,48,141.0,23.7200638255319
ACORN-A,2013-12-28,48,141.0,21.9472340531915
ACORN-A,2013-12-29,48,140.666666666667,22.8767974869959
ACORN-A,2013-12-30,48,140.895833333333,22.1370019784954
ACORN-A,2013-12-31,48,141.0,22.1248155964539
ACORN-A,2014-01-01,48,140.895833333333,24.0281494940665
ACORN-A,2014-01-02,48,140.9375,20.774524668612
ACORN-A,2014-01-03,48,141.0,20.6284893702128
ACORN-A,2014-01-04,48,140.958333333333,22.2183723439919
ACORN-A,2014-01-05,48,139.979166666667,23.7339439258668
ACORN-A,2014-01-06,48,140.958333333333,21.0771900309271
ACORN-A,2014-01-07,48,140.979166666667,21.3703264774113
ACORN-A,2014-01-08,48,140.020833333333,21.1881481770061
ACORN-A,2014-01-09,48,139.645833333333,21.2139555816018
ACORN-A,2014-01-10,48,140.0,21.0042071507143
ACORN-A,2014-01-11,48,140.958333333333,21.7005719195542
ACORN-A,2014-01-12,48,140.958333333333,24.1234852380377
ACORN-J,2012-07-01,48,65.0,8.30996922153846
ACORN-J,2012-07-02,48,65.0,7.05487692
ACORN-J,2012-07-03,48,65.4791666666667,7.32564824568765
ACORN-J,2012-07-04,48,66.0,7.15137878636364
ACORN-J,2012-07-05,48,66.0,7.36056060757576
ACORN-J,2012-07-06,48,66.5625,7.1823620503166
ACORN-J,2012-07-07,48,67.625,7.78468679253731
ACORN-J,2012-07-08,48,68.0,7.93080883235294
ACORN-J,2012-07-09,48,68.0,8.24704412794118
ACORN-J,2012-07-10,48,68.4791666666667,8.01534997193095
ACORN-J,2012-07-11,48,69.625,7.53443064469979
ACORN-J,2012-07-12,48,70.625,7.53486800661972
ACORN-J,2012-07-13,48,71.6041666666667,7.5922721062011
ACORN-J,2012-07-14,48,71.5833333333333,7.84379108260955
ACORN-J,2012-07-15,48,72.0,8.21883333611111
ACORN-J,2012-07-16,48,72.0,8.15609722916667
ACORN-J,2012-07-17,48,72.9583333333333,7.67859474746956
ACORN-J,2012-07-18,48,73.0,7.9242602739726
ACORN-J,2012-07-19,48,72.9375,7.68908530970266
ACORN-J,2012-07-20,48,72.9791666666667,8.17121556727549
ACORN-J,2012-07-21,48,73.0,8.37404109315069
ACORN-J,2012-07-22,48,73.0,8.25873973150685
ACORN-J,2012-07-23,48,73.0,8.60528766712329
ACORN-J,2012-07-24,48,73.0,7.69671232328767
ACORN-J,2012-07-25,48,72.9166666666667,7.72318800873536
ACORN-J,2012-07-26,48,73.0,7.57032877123288
ACORN-J,2012-07-27,48,73.0,8.01583560821918
ACORN-J,2012-07-28,48,73.0,7.61301369726027
ACORN-J,2012-07-29,48,73.0,8.01460273972603
ACORN-J,2012-07-30,48,73.0,7.38661643972603
ACORN-J,2012-07-31,48,73.0,7.71382192054795
ACORN-J,2012-08-01,48,73.0,7.79090411369863
ACORN-J,2012-08-02,48,72.9791666666667,7.61863754748858
ACORN-J,2012-08-03,48,73.0,7.24052054794521
ACORN-J,2012-08-04,48,73.0,7.75054794246575
ACORN-J,2012-08-05,48,73.0,8.17063013424658
ACORN-J,2012-08-06,48,73.0,7.86160273424658
ACORN-J,2012-08-07,48,73.0,7.68584932191781
ACORN-J,2012-08-08,48,73.0,7.49808219452055
ACORN-J,2012-08-09,48,73.0,7.42791780273973
ACORN-J,2012-08-10,48,72.8333333333333,7.55571499377854
ACORN-J,2012-08-11,48,73.0,7.39378082054795
ACORN-J,2012-08-12,48,73.0,8.04123287808219
ACORN-J,2012-08-13,48,73.0,8.0145205479452
ACORN-J,2012-08-14,48,73.0,7.70580821643836
ACORN-J,2012-08-15,48,73.0,7.60587670958904
ACORN-J,2012-08-16,48,73.0,7.40228767123288
ACORN-J,2012-08-17,48,73.0,7.30995890547945
ACORN-J,2012-08-18,48,73.0,7.48773971643836
ACORN-J,2012-08-19,48,73.0,8.2221369890411
ACORN-J,2012-08-20,48,73.0,8.51863013150685
ACORN-J,2012-08-21,48,73.0,6.8880137
ACORN-J,2012-08-22,48,72.9791666666667,6.96855403074581
ACORN-J,2012-08-23,48,73.0,7.17593150684931
ACORN-J,2012-08-24,48,73.0,7.69980822328767
ACORN-J,2012-08-25,48,72.0208333333333,7.57570357964231
ACORN-J,2012-08-26,48,72.9791666666667,7.68075419254186
ACORN-J,2012-08-27,48,73.0,7.58372602191781
ACORN-J,2012-08-28,48,73.0,7.44135616164384
ACORN-J,2012-08-29,48,72.0208333333333,7.75912119901065
ACORN-J,2012-08-30,48,72.9791666666667,7.57157953089802
ACORN-J,2012-08-31,48,73.0,7.39410959041096
ACORN-J,2012-09-01,48,73.0,8.17643835753425
ACORN-J,2012-09-02,48,72.9791666666667,8.2184259934551
ACORN-J,2012-09-03,48,73.0,8.27475342054795
ACORN-J,2012-09-04,48,72.9583333333333,7.76251129245611
ACORN-J,2012-09-05,48,73.0,7.61291780273973
ACORN-J,2012-09-06,48,73.0,7.71245205068493
ACORN-J,2012-09-07,48,73.0,7.61005478219178
ACORN-J,2012-09-08,48,72.8958333333333,7.75829908675799
ACORN-J,2012-09-09,48,73.0,8.09260274657534
ACORN-J,2012-09-10,48,72.9791666666667,7.58404851874049
ACORN-J,2012-09-11,48,73.0,7.54336986027397
ACORN-J,2012-09-12,48,73.0,7.22747944794521
ACORN-J,2012-09-13,48,73.625,7.54864291136616
ACORN-J,2012-09-14,48,74.9375,8.13221375605737
ACORN-J,2012-09-15,48,76.0,8.19419736973684
ACORN-J,2012-09-16,48,76.0,8.80286842763158
ACORN-J,2012-09-17,48,77.125,8.67926293521435
ACORN-J,2012-09-18,48,78.9583333333333,8.55406164500122
ACORN-J,2012-09-19,48,80.0,8.5917624975
ACORN-J,2012-09-20,48,80.5208333333333,8.72678368747982
ACORN-J,2012-09-21,48,80.5833333333333,8.89793657030864
ACORN-J,2012-09-22,48,81.9791666666667,8.75865493175248
ACORN-J,2012-09-23,48,82.0,10.4406951146341
ACORN-J,2012-09-24,48,82.4791666666667,9.60251675839927
ACORN-J,2012-09-25,48,84.1041666666667,9.51658840237235
ACORN-J,2012-09-26,48,87.2083333333333,9.80723737172171
ACORN-J,2012-09-27,48,91.1666666666667,9.96113292342217
ACORN-J,2012-09-28,48,93.0,10.4991827978495
ACORN-J,2012-09-29,48,92.9791666666667,10.8058831294063
ACORN-J,2012-09-30,48,93.0,11.1139247408602
ACORN-J,2012-10-01,48,93.5833333333333,10.7119998748685
ACORN-J,2012-10-02,48,95.0,10.2140278928056
ACORN-J,2012-10-03,48,96.0,10.3561562510417
ACORN-J,2012-10-04,48,96.0,10.1292395947917
ACORN-J,2012-10-05,48,96.6458333333333,11.2601771907002
ACORN-J,2012-10-06,48,96.0208333333333,11.3078579315077
ACORN-J,2012-10-07,48,96.9791666666667,11.4383390228522
ACORN-J,2012-10-08,48,97.0,12.1345567051546
ACORN-J,2012-10-09,48,98.0208333333333,11.1218699407904
ACORN-J,2012-10-10,48,99.0,10.9633434383838
ACORN-J,2012-10-11,48,98.75,12.1338115761286
ACORN-J,2012-10-12,48,99.4375,11.971762506101
ACORN-J,2012-10-13,48,99.9791666666667,12.9153977857879
ACORN-J,2012-10-14,48,100.0,12.848660007
ACORN-J,2012-10-15,48,100.583333333333,11.9474298898664
ACORN-J,2012-10-16,48,100.979166666667,11.6198034584158
ACORN-J,2012-10-17,48,101.354166666667,11.4886886974077
ACORN-J,2012-10-18,48,102.854166666667,10.7306639998138
ACORN-J,2012-10-19,48,103.4375,11.6687418831031
ACORN-J,2012-10-20,48,104.979166666667,11.4961794013095
ACORN-J,2012-10-21,48,105.0,12.4277714304762
ACORN-J,2012-10-22,48,106.6875,11.6898217921235
ACORN-J,2012-10-23,48,108.0,11.0905740777778
ACORN-J,2012-10-24,48,108.666666666667,11.440300040401
ACORN-J,2012-10-25,48,110.083333333333,11.6713200766286
ACORN-J,2012-10-26,48,111.0,12.6716576711712
ACORN-J,2012-10-27,48,110.979166666667,13.0452479079361
ACORN-J,2012-10-28,48,111.0,14.1228288342342
ACORN-J,2012-10-29,48,110.979166666667,13.1394082566011
ACORN-J,2012-10-30,48,110.0,12.5762602309203
ACORN-J,2012-10-31,48,110.895833333333,12.9662966447912
ACORN-J,2012-11-01,48,109.041666666667,12.582668811034
ACORN-J,2012-11-02,48,110.958333333333,13.4577612280271
ACORN-J,2012-11-03,48,110.020833333333,13.0477134379853
ACORN-J,2012-11-04,48,110.958333333333,14.9485342351433
ACORN-J,2012-11-05,48,111.0,14.2123513531532
ACORN-J,2012-11-06,48,110.020833333333,13.7468971362244
ACORN-J,2012-11-07,48,110.979166666667,13.3369345492219
ACORN-J,2012-11-08,48,111.0,13.5231711765766
ACORN-J,2012-11-09,48,109.708333333333,13.6423490910186
ACORN-J,2012-11-10,48,110.979166666667,14.1460230940213
ACORN-J,2012-11-11,48,111.0,13.8985135198198
ACORN-J,2012-11-12,48,109.979166666667,13.1339994658408
ACORN-J,2012-11-13,48,109.020833333333,12.7074159262636
ACORN-J,2012-11-14,48,110.875,12.7834728782862
ACORN-J,2012-11-15,48,110.8125,12.5345981009992
ACORN-J,2012-11-16,48,111.0,13.4980630432432
ACORN-J,2012-11-17,48,111.0,14.1470990954955
ACORN-J,2012-11-18,48,111.0,13.9183603504505
ACORN-J,2012-11-19,48,110.916666666667,13.5402381564292
ACORN-J,2012-11-20,48,111.0,12.9798018045045
ACORN-J,2012-11-21,48,111.0,12.8481351324324
ACORN-J,2012-11-22,48,111.0,13.0008378432432
ACORN-J,2012-11-23,48,110.958333333333,13.2073973882064
ACORN-J,2012-11-24,48,111.0,14.2705495522523
ACORN-J,2012-11-25,48,111.0,14.0805495459459
ACORN-J,2012-11-26,48,111.0,13.6839369441441
ACORN-J,2012-11-27,48,111.0,13.8371621675676
ACORN-J,2012-11-28,48,111.0,14.0869909954955
ACORN-J,2012-11-29,48,110.0,15.187560682821
ACORN-J,2012-11-30,48,110.979166666667,15.5174763281818
ACORN-J,2012-12-01,48,110.020833333333,17.3326533861261
ACORN-J,2012-12-02,48,110.979166666667,17.152797546593
ACORN-J,2012-12-03,48,110.979166666667,15.47734086905
ACORN-J,2012-12-04,48,111.0,15.1966216405405
ACORN-J,2012-12-05,48,110.916666666667,15.8954340042688
ACORN-J,2012-12-06,48,111.0,15.3207387567568
ACORN-J,2012-12-07,48,110.020833333333,15.5963783802048
ACORN-J,2012-12-08,48,110.833333333333,15.6171989326454
ACORN-J,2012-12-09,48,110.0,16.1791059443747
ACORN-J,2012-12-10,48,110.979166666667,15.2108267723178
ACORN-J,2012-12-11,48,102.1875,16.2229591895072
ACORN-J,2012-12-12,48,109.833333333333,16.8614946459715
ACORN-J,2012-12-13,48,110.0,16.23973634
ACORN-J,2012-12-14,48,110.979166666667,16.080260025561
ACORN-J,2012-12-15,48,110.020833333333,15.360075032285
ACORN-J,2012-12-16,48,110.979166666667,15.4078625617363
ACORN-J,2012-12-17,48,110.833333333333,14.5568487278706
ACORN-J,2012-12-18,48,110.979166666667,14.4652783045782
ACORN-J,2012-12-19,48,110.458333333333,15.8659618194314
ACORN-J,2012-12-20,48,110.020833333333,14.8460716607535
ACORN-J,2012-12-21,48,110.979166666667,14.432099992801
ACORN-J,2012-12-22,48,111.0,15.4998378405405
ACORN-J,2012-12-23,48,110.979166666667,14.4479587304668
ACORN-J,2012-12-24,48,111.0,14.9135765810811
ACORN-J,2012-12-25,48,110.9375,14.8025235916871
ACORN-J,2012-12-26,48,110.958333333333,13.8861462717609
ACORN-J,2012-12-27,48,109.729166666667,14.3315866321834
ACORN-J,2012-12-28,48,110.708333333333,14.1411855801966
ACORN-J,2012-12-29,48,111.0,13.5817027072072
ACORN-J,2012-12-30,48,110.875,13.9740955846742
ACORN-J,2012-12-31,48,111.0,13.9026576630631
ACORN-J,2013-01-01,48,110.020833333333,13.9448737228092
ACORN-J,2013-01-02,48,110.0,14.4239363681818
ACORN-J,2013-01-03,48,110.979166666667,13.4146790543243
ACORN-J,2013-01-04,48,110.895833333333,13.5054443142506
ACORN-J,2013-01-05,48,110.979166666667,13.9934922959787
ACORN-J,2013-01-06,48,111.0,14.4192162252252
ACORN-J,2013-01-07,48,111.0,13.9658018198198
ACORN-J,2013-01-08,48,110.020833333333,13.5871735671908
ACORN-J,2013-01-09,48,110.979166666667,14.221090423104
ACORN-J,2013-01-10,48,109.0,14.7334184716088
ACORN-J,2013-01-11,48,109.9375,14.9080962577982
ACORN-J,2013-01-12,48,109.875,16.8384564067056
ACORN-J,2013-01-13,48,110.0,16.9501636290909
ACORN-J,2013-01-14,48,109.9375,16.6153209105947
ACORN-J,2013-01-15,48,109.9375,16.0861238806712
ACORN-J,2013-01-16,48,110.0,16.63390908
ACORN-J,2013-01-17,48,108.520833333333,17.2809770212643
ACORN-J,2013-01-18,48,108.9375,17.7970770462793
ACORN-J,2013-01-19,48,109.979166666667,18.9169975776564
ACORN-J,2013-01-20,48,109.020833333333,18.984190755955
ACORN-J,2013-01-21,48,109.0,16.7657798110092
ACORN-J,2013-01-22,48,109.0,17.1152018477064
ACORN-J,2013-01-23,48,109.979166666667,16.628390000784
ACORN-J,2013-01-24,48,110.0,16.9360181945455
ACORN-J,2013-01-25,48,109.020833333333,16.9763912353962
ACORN-J,2013-01-26,48,109.0,16.6934403798165
ACORN-J,2013-01-27,48,109.0,15.3716972495413
ACORN-J,2013-01-28,48,109.0,14.932513753211
ACORN-J,2013-01-29,48,109.0,13.6334036678899
ACORN-J,2013-01-30,48,107.979166666667,13.2958135862943
ACORN-J,2013-01-31,48,107.020833333333,13.612685175848
ACORN-J,2013-02-01,48,107.979166666667,13.917473707217
ACORN-J,2013-02-02,48,108.0,15.0595462768519
ACORN-J,2013-02-03,48,108.0,15.6822777824074
ACORN-J,2013-02-04,48,108.0,14.0209166638889
ACORN-J,2013-02-05,48,108.0,14.8714999888889
ACORN-J,2013-02-06,48,108.0,15.2699444490741
ACORN-J,2013-02-07,48,107.0,14.8576947987895
ACORN-J,2013-02-08,48,107.0,15.3127850327103
ACORN-J,2013-02-09,48,107.979166666667,16.0275152394168
ACORN-J,2013-02-10,48,107.958333333333,16.0242231852198
ACORN-J,2013-02-11,48,107.770833333333,15.9361734910921
ACORN-J,2013-02-12,48,108.0,16.5639814787037
ACORN-J,2013-02-13,48,108.0,16.6599536842593
ACORN-J,2013-02-14,48,108.0,15.5363333444444
ACORN-J,2013-02-15,48,107.020833333333,15.2234989718588
ACORN-J,2013-02-16,48,107.895833333333,14.8755206815371
ACORN-J,2013-02-17,48,108.0,14.9568240638889
ACORN-J,2013-02-18,48,106.979166666667,14.8015296113031
ACORN-J,2013-02-19,48,106.979166666667,14.3149195750397
ACORN-J,2013-02-20,48,107.770833333333,14.8831287083506
ACORN-J,2013-02-21,48,107.0,16.5040799034163
ACORN-J,2013-02-22,48,107.979166666667,16.1467769916061
ACORN-J,2013-02-23,48,107.020833333333,16.1582583929474
ACORN-J,2013-02-24,48,107.979166666667,17.3442001372534
ACORN-J,2013-02-25,48,107.958333333333,16.0021558386293
ACORN-J,2013-02-26,48,108.0,15.3144074064815
ACORN-J,2013-02-27,48,108.0,14.6310463148148
ACORN-J,2013-02-28,48,108.0,14.5589351777778
ACORN-J,2013-03-01,48,108.0,14.9149073925926
ACORN-J,2013-03-02,48,108.0,14.6677407231481
ACORN-J,2013-03-03,48,106.958333333333,15.8945755205008
ACORN-J,2013-03-04,48,107.979166666667,13.7674781931724
ACORN-J,2013-03-05,48,108.0,12.9538611222222
ACORN-J,2013-03-06,48,108.0,12.5046944490741
ACORN-J,2013-03-07,48,108.0,12.9441851759259
ACORN-J,2013-03-08,48,108.0,13.7199259259259
ACORN-J,2013-03-09,48,108.0,13.9733240712963
ACORN-J,2013-03-10,48,108.0,15.0746296305556
ACORN-J,2013-03-11,48,107.958333333333,16.2864662841719
ACORN-J,2013-03-12,48,108.0,15.9692314648148
ACORN-J,2013-03-13,48,108.0,14.9435648018519
ACORN-J,2013-03-14,48,108.0,14.7313796324074
ACORN-J,2013-03-15,48,108.0,14.0684722268519
ACORN-J,2013-03-16,48,108.0,15.2412314759259
ACORN-J,2013-03-17,48,108.0,15.4939351796296
ACORN-J,2013-03-18,48,108.0,14.2710370407407
ACORN-J,2013-03-19,48,107.020833333333,13.8872002348304
ACORN-J,2013-03-20,48,107.0,14.7178130971963
ACORN-J,2013-03-21,48,107.979166666667,15.2411085997577
ACORN-J,2013-03-22,48,108.0,15.9776759166667
ACORN-J,2013-03-23,48,108.0,17.1264629638889
ACORN-J,2013-03-24,48,108.0,17.8098240657407
ACORN-J,2013-03-25,48,108.0,17.190972212037
ACORN-J,2013-03-26,48,107.916666666667,16.8902342366995
ACORN-J,2013-03-27,48,107.0,16.8777944168224
ACORN-J,2013-03-28,48,107.0,15.8001215037383
ACORN-J,2013-03-29,48,107.0,15.6081588841122
ACORN-J,2013-03-30,48,107.0,15.5722710308411
ACORN-J,2013-03-31,48,107.0,14.2514112205607
ACORN-J,2013-04-01,48,107.0,14.259813082243
ACORN-J,2013-04-02,48,107.0,13.8507570158879
ACORN-J,2013-04-03,48,107.0,15.4342710205607
ACORN-J,2013-04-04,48,107.0,16.2913271046729
ACORN-J,2013-04-05,48,106.958333333333,15.4150346117935
ACORN-J,2013-04-06,48,107.0,13.7637850271028
ACORN-J,2013-04-07,48,107.0,14.1649158869159
ACORN-J,2013-04-08,48,107.0,12.5807663654206
ACORN-J,2013-04-09,48,107.0,13.5363177691589
ACORN-J,2013-04-10,48,107.0,13.5553925214953
ACORN-J,2013-04-11,48,107.0,13.4514672943925
ACORN-J,2013-04-12,48,107.0,12.5458317738318
ACORN-J,2013-04-13,48,106.0,12.8554596035767
ACORN-J,2013-04-14,48,106.979166666667,11.5081393962352
ACORN-J,2013-04-15,48,106.020833333333,10.1337089606683
ACORN-J,2013-04-16,48,106.0,10.4520283
ACORN-J,2013-04-17,48,106.0,10.0013018915094
ACORN-J,2013-04-18,48,106.0,10.1667924443396
ACORN-J,2013-04-19,48,106.0,11.1869150849057
ACORN-J,2013-04-20,48,105.833333333333,11.0057968734694
ACORN-J,2013-04-21,48,105.916666666667,11.3715340221051
ACORN-J,2013-04-22,48,105.9375,10.5917497037382
ACORN-J,2013-04-23,48,106.0,9.23353773396226
ACORN-J,2013-04-24,48,106.0,9.32699057358491
ACORN-J,2013-04-25,48,106.0,8.6132924509434
ACORN-J,2013-04-26,48,104.9375,9.49102060704402
ACORN-J,2013-04-27,48,105.0,10.6417333266667
ACORN-J,2013-04-28,48,104.9375,11.0250341798875
ACORN-J,2013-04-29,48,104.0,9.57097115576923
ACORN-J,2013-04-30,48,102.958333333333,10.0498355272421
ACORN-J,2013-05-01,48,102.895833333333,9.6832762095106
ACORN-J,2013-05-02,48,102.979166666667,9.38681857597563
ACORN-J,2013-05-03,48,103.0,9.44185436990291
ACORN-J,2013-05-04,48,103.0,9.83109709223301
ACORN-J,2013-05-05,48,103.0,9.58276699417476
ACORN-J,2013-05-06,48,103.0,9.19566989417476
ACORN-J,2013-05-07,48,103.0,8.45856309902913
ACORN-J,2013-05-08,48,102.9375,8.98009977422633
ACORN-J,2013-05-09,48,103.0,8.93407766893204
ACORN-J,2013-05-10,48,103.0,9.2030485407767
ACORN-J,2013-05-11,48,103.0,10.4155728087379
ACORN-J,2013-05-12,48,103.0,10.2695242776699
ACORN-J,2013-05-13,48,103.0,9.16048544368932
ACORN-J,2013-05-14,48,103.0,9.92357282524272
ACORN-J,2013-05-15,48,103.0,10.0942912621359
ACORN-J,2013-05-16,48,103.0,9.39299028252427
ACORN-J,2013-05-17,48,102.979166666667,10.0481904616029
ACORN-J,2013-05-18,48,102.958333333333,9.80695174857253
ACORN-J,2013-05-19,48,102.958333333333,9.94093861524843
ACORN-J,2013-05-20,48,103.0,9.67238835242718
ACORN-J,2013-05-21,48,103.0,9.38153398932039
ACORN-J,2013-05-22,48,102.0,9.14510785
ACORN-J,2013-05-23,48,102.0,9.47436274019608
ACORN-J,2013-05-24,48,102.0,10.3140784333333
ACORN-J,2013-05-25,48,102.0,9.01930391764706
ACORN-J,2013-05-26,48,102.0,9.31062744803921
ACORN-J,2013-05-27,48,101.979166666667,9.01902525152398
ACORN-J,2013-05-28,48,101.020833333333,8.93790681125024
ACORN-J,2013-05-29,48,101.979166666667,9.29664335747428
ACORN-J,2013-05-30,48,102.0,9.71507843333333
ACORN-J,2013-05-31,48,101.020833333333,9.27281245964861
ACORN-J,2013-06-01,48,101.979166666667,8.99662939828189
ACORN-J,2013-06-02,48,102.0,8.8269607745098
ACORN-J,2013-06-03,48,102.0,8.1880392245098
ACORN-J,2013-06-04,48,102.0,7.52528432058824
ACORN-J,2013-06-05,48,102.0,7.56008823627451
ACORN-J,2013-06-06,48,102.0,7.67204902156863
ACORN-J,2013-06-07,48,102.0,7.4840882372549
ACORN-J,2013-06-08,48,102.0,7.81661764803922
ACORN-J,2013-06-09,48,102.0,8.16553920686274
ACORN-J,2013-06-10,48,101.979166666667,8.27472753845855
ACORN-J,2013-06-11,48,102.0,8.50585293823529
ACORN-J,2013-06-12,48,101.020833333333,8.88110968744904
ACORN-J,2013-06-13,48,101.979166666667,8.07841439143855
ACORN-J,2013-06-14,48,101.9375,7.91476589426619
ACORN-J,2013-06-15,48,101.979166666667,8.48516666372549
ACORN-J,2013-06-16,48,102.0,8.06153920686275
ACORN-J,2013-06-17,48,101.875,8.0309863172782
ACORN-J,2013-06-18,48,101.9375,7.8389159366919
ACORN-J,2013-06-19,48,102.0,8.08347058627451
ACORN-J,2013-06-20,48,102.0,8.31604901568627
ACORN-J,2013-06-21,48,102.0,8.06482352745098
ACORN-J,2013-06-22,48,102.0,8.02133333921569
ACORN-J,2013-06-23,48,102.0,8.49280392352941
ACORN-J,2013-06-24,48,102.0,7.71780392745098
ACORN-J,2013-06-25,48,102.0,7.97819607647059
ACORN-J,2013-06-26,48,102.0,8.49707842156863
ACORN-J,2013-06-27,48,102.0,8.02457843137255
ACORN-J,2013-06-28,48,101.875,8.53706923431372
ACORN-J,2013-06-29,48,102.0,8.28184314215686
ACORN-J,2013-06-30,48,101.958333333333,8.3660311754902
ACORN-J,2013-07-01,48,102.0,8.22660784117647
ACORN-J,2013-07-02,48,101.979166666667,8.17071791688992
ACORN-J,2013-07-03,48,100.958333333333,8.27299469651965
ACORN-J,2013-07-04,48,101.0,7.92916831584158
ACORN-J,2013-07-05,48,100.9375,8.19514381837194
ACORN-J,2013-07-06,48,101.0,7.77636633366337
ACORN-J,2013-07-07,48,101.0,8.19385147524753
ACORN-J,2013-07-08,48,101.0,7.93133662772277
ACORN-J,2013-07-09,48,100.958333333333,7.83575488241824
ACORN-J,2013-07-10,48,100.916666666667,7.94906177920792
ACORN-J,2013-07-11,48,101.0,7.98585149306931
ACORN-J,2013-07-12,48,101.0,8.11074257425743
ACORN-J,2013-07-13,48,101.0,8.36867327227723
ACORN-J,2013-07-14,48,100.979166666667,8.35071425148515
ACORN-J,2013-07-15,48,100.979166666667,7.72373860990099
ACORN-J,2013-07-16,48,101.0,7.7049505
ACORN-J,2013-07-17,48,101.0,8.07453465346535
ACORN-J,2013-07-18,48,101.0,7.7339405970297
ACORN-J,2013-07-19,48,101.0,7.7198910960396
ACORN-J,2013-07-20,48,101.0,8.05500000594059
ACORN-J,2013-07-21,48,101.0,8.4849207960396
ACORN-J,2013-07-22,48,101.0,8.08273267227723
ACORN-J,2013-07-23,48,101.0,8.24338614554456
ACORN-J,2013-07-24,48,101.0,7.78785147821782
ACORN-J,2013-07-25,48,101.0,8.01383168415841
ACORN-J,2013-07-26,48,101.0,8.16106930990099
ACORN-J,2013-07-27,48,101.0,7.94727722871287
ACORN-J,2013-07-28,48,101.0,8.25141584653465
ACORN-J,2013-07-29,48,101.0,8.19745545247525
ACORN-J,2013-07-30,48,101.0,8.52467326039604
ACORN-J,2013-07-31,48,101.0,8.77941584158416
ACORN-J,2013-08-01,48,100.958333333333,8.32264672870297
ACORN-J,2013-08-02,48,100.958333333333,8.30385329128913
ACORN-J,2013-08-03,48,101.0,7.88264356138614
ACORN-J,2013-08-04,48,101.0,7.78714851683168
ACORN-J,2013-08-05,48,101.0,8.10337624059406
ACORN-J,2013-08-06,48,100.979166666667,7.89157168217822
ACORN-J,2013-08-07,48,101.0,7.70947524158416
ACORN-J,2013-08-08,48,101.0,7.84703960891089
ACORN-J,2013-08-09,48,101.0,7.75192078712871
ACORN-J,2013-08-10,48,100.020833333333,7.83611584458416
ACORN-J,2013-08-11,48,99.8958333333333,8.34034736342105
ACORN-J,2013-08-12,48,100.979166666667,8.12977266931683
ACORN-J,2013-08-13,48,101.0,7.78127722970297
ACORN-J,2013-08-14,48,101.0,8.11183167425743
ACORN-J,2013-08-15,48,101.0,7.90829702970297
ACORN-J,2013-08-16,48,101.0,8.44363365346535
ACORN-J,2013-08-17,48,99.9791666666667,8.32258087185169
ACORN-J,2013-08-18,48,100.0,8.478330005
ACORN-J,2013-08-19,48,99.0,7.82825252525253
ACORN-J,2013-08-20,48,99.0,7.68231313333333
ACORN-J,2013-08-21,48,99.0,7.62515151515152
ACORN-J,2013-08-22,48,98.9791666666667,7.98888775813234
ACORN-J,2013-08-23,48,99.0,7.62259595353535
ACORN-J,2013-08-24,48,99.0,8.40185858383838
ACORN-J,2013-08-25,48,99.0,8.15389898787879
ACORN-J,2013-08-26,48,99.0,7.99410100909091
ACORN-J,2013-08-27,48,99.0,7.40391919090909
ACORN-J,2013-08-28,48,99.0,7.89463637070707
ACORN-J,2013-08-29,48,98.9791666666667,7.57411183665224
ACORN-J,2013-08-30,48,99.0,7.94635353636364
ACORN-J,2013-08-31,48,98.9791666666667,8.25012100092764
ACORN-J,2013-09-01,48,99.0,8.41804039393939
ACORN-J,2013-09-02,48,99.0,8.49946465454545
ACORN-J,2013-09-03,48,99.0,8.22049495555556
ACORN-J,2013-09-04,48,98.0208333333333,7.84316625540095
ACORN-J,2013-09-05,48,97.9791666666667,8.10855764167894
ACORN-J,2013-09-06,48,98.0,8.43435714693878
ACORN-J,2013-09-07,48,98.0,8.27325509795918
ACORN-J,2013-09-08,48,97.0208333333333,8.81189406589522
ACORN-J,2013-09-09,48,97.9791666666667,9.11600241239217
ACORN-J,2013-09-10,48,97.0208333333333,8.62642626122449
ACORN-J,2013-09-11,48,97.0,8.99415464020618
ACORN-J,2013-09-12,48,97.0,8.67862885670103
ACORN-J,2013-09-13,48,96.9791666666667,9.15187886082474
ACORN-J,2013-09-14,48,96.9791666666667,9.80265485498282
ACORN-J,2013-09-15,48,97.0,10.3553401989691
ACORN-J,2013-09-16,48,97.0,9.23091752371134
ACORN-J,2013-09-17,48,97.0,10.0456494907216
ACORN-J,2013-09-18,48,97.0,9.54810308556701
ACORN-J,2013-09-19,48,97.0,9.09648451958763
ACORN-J,2013-09-20,48,96.0208333333333,9.2394159160116
ACORN-J,2013-09-21,48,96.9791666666667,9.21913831098582
ACORN-J,2013-09-22,48,97.0,9.65162887010309
ACORN-J,2013-09-23,48,96.9375,9.07396638056441
ACORN-J,2013-09-24,48,96.9791666666667,9.06313917010309
ACORN-J,2013-09-25,48,97.0,9.26305154742268
ACORN-J,2013-09-26,48,97.9583333333333,8.69286682503682
ACORN-J,2013-09-27,48,98.0,9.10849999693878
ACORN-J,2013-09-28,48,97.0208333333333,9.12739343368399
ACORN-J,2013-09-29,48,97.9791666666667,9.91095717984431
ACORN-J,2013-09-30,48,97.8541666666667,9.22766725972018
ACORN-J,2013-10-01,48,97.8958333333333,9.26344297722491
ACORN-J,2013-10-02,48,98.0,9.23625510306123
ACORN-J,2013-10-03,48,98.0,8.79839796020408
ACORN-J,2013-10-04,48,98.0,9.18689795714286
ACORN-J,2013-10-05,48,98.0,9.62361224489796
ACORN-J,2013-10-06,48,98.0,9.58428572142857
ACORN-J,2013-10-07,48,98.0,9.51019387755102
ACORN-J,2013-10-08,48,98.0,9.43314284897959
ACORN-J,2013-10-09,48,97.8541666666667,9.7642179897794
ACORN-J,2013-10-10,48,97.0,9.75392440239827
ACORN-J,2013-10-11,48,97.9791666666667,10.6942360532821
ACORN-J,2013-10-12,48,97.9583333333333,11.3534638051757
ACORN-J,2013-10-13,48,98.0,12.4914897928571
ACORN-J,2013-10-14,48,98.0,11.0389183785714
ACORN-J,2013-10-15,48,97.0208333333333,10.5649956859036
ACORN-J,2013-10-16,48,97.9791666666667,11.1104267718494
ACORN-J,2013-10-17,48,97.9583333333333,10.3220898349358
ACORN-J,2013-10-18,48,98.0,10.7669081632653
ACORN-J,2013-10-19,48,98.0,10.4067448979592
ACORN-J,2013-10-20,48,98.0,11.1100612306122
ACORN-J,2013-10-21,48,98.0,9.94519389285714
ACORN-J,2013-10-22,48,98.0,9.14479592040816
ACORN-J,2013-10-23,48,98.0,9.5952755122449
ACORN-J,2013-10-24,48,98.0,9.52473468877551
ACORN-J,2013-10-25,48,97.9583333333333,9.80537966972789
ACORN-J,2013-10-26,48,98.0,10.1775612285714
ACORN-J,2013-10-27,48,98.0,10.9990816265306
ACORN-J,2013-10-28,48,97.9791666666667,10.5346434985167
ACORN-J,2013-10-29,48,98.0,10.4967346918367
ACORN-J,2013-10-30,48,98.0,10.3388673408163
ACORN-J,2013-10-31,48,98.0,10.7297449040816
ACORN-J,2013-11-01,48,97.9583333333333,10.8880960904974
ACORN-J,2013-11-02,48,98.0,10.9766938897959
ACORN-J,2013-11-03,48,98.0,11.635112244898
ACORN-J,2013-11-04,48,98.0,11.009051022449
ACORN-J,2013-11-05,48,98.0,11.6822551061224
ACORN-J,2013-11-06,48,98.0,11.785204077551
ACORN-J,2013-11-07,48,96.0416666666667,10.6701143789966
ACORN-J,2013-11-08,48,96.9791666666667,11.5944322349012
ACORN-J,2013-11-09,48,97.9791666666667,12.8706460161267
ACORN-J,2013-11-10,48,97.875,13.0921938785714
ACORN-J,2013-11-11,48,97.0208333333333,12.0065965788029
ACORN-J,2013-11-12,48,97.0,11.3041855701031
ACORN-J,2013-11-13,48,97.9791666666667,11.5309621281822
ACORN-J,2013-11-14,48,96.0208333333333,11.2377181213166
ACORN-J,2013-11-15,48,96.0,11.685489584375
ACORN-J,2013-11-16,48,96.9791666666667,12.1691258601052
ACORN-J,2013-11-17,48,97.0,12.905175256701
ACORN-J,2013-11-18,48,97.0,11.9549072216495
ACORN-J,2013-11-19,48,97.0,11.6479999783505
ACORN-J,2013-11-20,48,97.0,13.0480618628866
ACORN-J,2013-11-21,48,97.0,12.4558453525773
ACORN-J,2013-11-22,48,97.0,13.093123714433
ACORN-J,2013-11-23,48,97.0,13.0539381443299
ACORN-J,2013-11-24,48,97.0,12.7806804051546
ACORN-J,2013-11-25,48,96.0208333333333,12.0882442114583
ACORN-J,2013-11-26,48,96.9791666666667,11.7603545900451
ACORN-J,2013-11-27,48,96.0208333333333,11.9126823307668
ACORN-J,2013-11-28,48,96.9791666666667,11.7468210890142
ACORN-J,2013-11-29,48,96.0208333333333,11.8153188223582
ACORN-J,2013-11-30,48,96.0,12.483677090625
ACORN-J,2013-12-01,48,96.0,12.9537812479167
ACORN-J,2013-12-02,48,96.0,12.328093759375
ACORN-J,2013-12-03,48,96.0,12.0405625
ACORN-J,2013-12-04,48,95.9791666666667,12.4418231390899
ACORN-J,2013-12-05,48,96.9791666666667,12.7047386168277
ACORN-J,2013-12-06,48,96.0208333333333,12.4028034720898
ACORN-J,2013-12-07,48,96.0,13.2588124958333
ACORN-J,2013-12-08,48,96.9791666666667,13.1037082300902
ACORN-J,2013-12-09,48,97.0,11.8971443381443
ACORN-J,2013-12-10,48,97.0,12.2212474216495
ACORN-J,2013-12-11,48,96.0208333333333,12.4548744682775
ACORN-J,2013-12-12,48,95.9375,12.9007896464046
ACORN-J,2013-12-13,48,96.9791666666667,12.9075944996349
ACORN-J,2013-12-14,48,97.0,13.3930206164948
ACORN-J,2013-12-15,48,96.0208333333333,13.5090817215314
ACORN-J,2013-12-16,48,96.9791666666667,12.2048560945447
ACORN-J,2013-12-17,48,96.0208333333333,12.3384805606422
ACORN-J,2013-12-18,48,96.0,12.7674583395833
ACORN-J,2013-12-19,48,96.9583333333333,12.9065590646048
ACORN-J,2013-12-20,48,95.9791666666667,13.3793290590789
ACORN-J,2013-12-21,48,95.9791666666667,13.9498777297588
ACORN-J,2013-12-22,48,96.0,13.6331041635417
ACORN-J,2013-12-23,48,96.0,13.9784166697917
ACORN-J,2013-12-24,48,95.9791666666667,14.1178817000548
ACORN-J,2013-12-25,48,96.0,14.0715624854167
ACORN-J,2013-12-26,48,95.875,13.7718881997222
ACORN-J,2013-12-27,48,96.0,13.513656240625
ACORN-J,2013-12-28,48,96.0,12.9983854322917
ACORN-J,2013-12-29,48,95.9583333333333,13.8007974269725
ACORN-J,2013-12-30,48,94.8958333333333,13.8189448610123
ACORN-J,2013-12-31,48,95.0,12.8920947347368
ACORN-J,2014-01-01,48,95.0,13.5731578778947
ACORN-J,2014-01-02,48,95.75,12.3886858489912
ACORN-J,2014-01-03,48,95.0208333333333,12.5694867366667
ACORN-J,2014-01-04,48,95.9583333333333,13.3495449697478
ACORN-J,2014-01-05,48,96.0,13.9230624916667
ACORN-J,2014-01-06,48,95.9791666666667,12.3405804845504
ACORN-J,2014-01-07,48,95.0208333333333,12.5747585526535
ACORN-J,2014-01-08,48,95.0,11.9612526305263
ACORN-J,2014-01-09,48,94.625,12.1221819355973
ACORN-J,2014-01-10,48,95.0,12.2853789431579
ACORN-J,2014-01-11,48,95.9791666666667,12.2300879395504
ACORN-J,2014-01-12,48,96.0,13.9042708385417
ACORN-O,2012-07-01,48,64.0,7.8714218796875
ACORN-O,2012-07-02,48,65.1666666666667,7.83455563082751
ACORN-O,2012-07-03,48,65.0208333333333,7.82445967212121
ACORN-O,2012-07-04,48,65.0,7.53490769538462
ACORN-O,2012-07-05,48,65.0,7.45833846615385
ACORN-O,2012-07-06,48,68.0,7.47223195401469
ACORN-O,2012-07-07,48,70.0,7.95602857285714
ACORN-O,2012-07-08,48,70.0,8.45234285714286
ACORN-O,2012-07-09,48,71.1041666666667,8.07543064596905
ACORN-O,2012-07-10,48,71.875,7.70914918400682
ACORN-O,2012-07-11,48,71.9791666666667,7.65682629107981
ACORN-O,2012-07-12,48,72.0,7.94743055694444
ACORN-O,2012-07-13,48,72.0,7.75334722638889
ACORN-O,2012-07-14,48,71.6666666666667,8.65299001789906
ACORN-O,2012-07-15,48,72.9791666666667,8.3451027369863
ACORN-O,2012-07-16,48,73.0,7.87938356164384
ACORN-O,2012-07-17,48,71.9375,7.63781256580155
ACORN-O,2012-07-18,48,72.0,7.62822221944444
ACORN-O,2012-07-19,48,72.9791666666667,7.24844558599696
ACORN-O,2012-07-20,48,72.7291666666667,7.42286496257067
ACORN-O,2012-07-21,48,73.0,7.56356164383562
ACORN-O,2012-07-22,48,73.0,7.47824657671233
ACORN-O,2012-07-23,48,73.0,7.70690411232877
ACORN-O,2012-07-24,48,72.9583333333333,7.76006541298476
ACORN-O,2012-07-25,48,72.6666666666667,7.8254551790435
ACORN-O,2012-07-26,48,73.0,7.61317808493151
ACORN-O,2012-07-27,48,72.0208333333333,8.08265049467276
ACORN-O,2012-07-28,48,72.0,8.009625
ACORN-O,2012-07-29,48,72.9791666666667,8.25597565235921
ACORN-O,2012-07-30,48,72.0208333333333,7.93087976063546
ACORN-O,2012-07-31,48,72.9791666666667,7.97611168462709
ACORN-O,2012-08-01,48,72.0208333333333,7.55059360452816
ACORN-O,2012-08-02,48,72.0,7.79834721805556
ACORN-O,2012-08-03,48,72.9791666666667,7.88766000487062
ACORN-O,2012-08-04,48,72.0208333333333,8.41050627437215
ACORN-O,2012-08-05,48,72.0,8.5993611125
ACORN-O,2012-08-06,48,72.9791666666667,8.4496101543379
ACORN-O,2012-08-07,48,72.9791666666667,8.24877492663622
ACORN-O,2012-08-08,48,73.0,7.89167122876712
ACORN-O,2012-08-09,48,72.0208333333333,8.00421974746956
ACORN-O,2012-08-10,48,72.0,8.08012499722222
ACORN-O,2012-08-11,48,72.0,8.01024999722222
ACORN-O,2012-08-12,48,72.9791666666667,8.59047526362253
ACORN-O,2012-08-13,48,72.9791666666667,8.27791552374429
ACORN-O,2012-08-14,48,72.0208333333333,7.98697317490487
ACORN-O,2012-08-15,48,72.9791666666667,7.98653919604262
ACORN-O,2012-08-16,48,72.0,8.33105888890711
ACORN-O,2012-08-17,48,72.0,8.02584722083333
ACORN-O,2012-08-18,48,72.0,8.00901388888889
ACORN-O,2012-08-19,48,72.9791666666667,8.14257172343988
ACORN-O,2012-08-20,48,73.0,8.05289040821918
ACORN-O,2012-08-21,48,72.0,7.96440984017809
ACORN-O,2012-08-22,48,72.9791666666667,7.71983732465753
ACORN-O,2012-08-23,48,73.0,7.61924657671233
ACORN-O,2012-08-24,48,73.0,7.70268493150685
ACORN-O,2012-08-25,48,72.0208333333333,8.19202549328387
ACORN-O,2012-08-26,48,72.0,8.18327778333333
ACORN-O,2012-08-27,48,72.0,8.07420833333333
ACORN-O,2012-08-28,48,72.0,7.86129166944444
ACORN-O,2012-08-29,48,71.9583333333333,8.31947280352113
ACORN-O,2012-08-30,48,71.0208333333333,7.79367958169014
ACORN-O,2012-08-31,48,71.9791666666667,7.47332062093114
ACORN-O,2012-09-01,48,70.0416666666667,8.0576603131746
ACORN-O,2012-09-02,48,71.9583333333333,8.56192737956349
ACORN-O,2012-09-03,48,72.0,8.0288611125
ACORN-O,2012-09-04,48,72.9791666666667,8.18718283592085
ACORN-O,2012-09-05,48,72.0208333333333,7.89770718761415
ACORN-O,2012-09-06,48,72.0,7.7456666625
ACORN-O,2012-09-07,48,72.0,7.61113888333333
ACORN-O,2012-09-08,48,72.0,7.62830555416667
ACORN-O,2012-09-09,48,72.0,8.38126388611111
ACORN-O,2012-09-10,48,72.0,8.23344444444444
ACORN-O,2012-09-11,48,71.8541666666667,7.84182315422535
ACORN-O,2012-09-12,48,72.0,7.84762499722222
ACORN-O,2012-09-13,48,72.0,8.10920833333333
ACORN-O,2012-09-14,48,72.0,8.1611666625
ACORN-O,2012-09-15,48,72.0,8.11488888888889
ACORN-O,2012-09-16,48,71.6458333333333,8.44080731469092
ACORN-O,2012-09-17,48,72.6666666666667,7.97168379267504
ACORN-O,2012-09-18,48,73.9791666666667,7.96465660866346
ACORN-O,2012-09-19,48,73.0208333333333,8.01083783509811
ACORN-O,2012-09-20,48,73.0,8.4035205520548
ACORN-O,2012-09-21,48,74.9375,8.32805175273504
ACORN-O,2012-09-22,48,73.0416666666667,8.59602812237443
ACORN-O,2012-09-23,48,74.9583333333333,9.75951726294064
ACORN-O,2012-09-24,48,75.6875,8.60716059951661
ACORN-O,2012-09-25,48,77.0,8.81415584545455
ACORN-O,2012-09-26,48,77.9791666666667,8.69037529522145
ACORN-O,2012-09-27,48,79.5,8.75001528990467
ACORN-O,2012-09-28,48,81.625,7.89018563929539
ACORN-O,2012-09-29,48,81.0208333333333,8.40273667940379
ACORN-O,2012-09-30,48,81.9583333333333,8.76862465514905
ACORN-O,2012-10-01,48,81.0208333333333,8.05745769099669
ACORN-O,2012-10-02,48,83.0833333333333,8.44817141999559
ACORN-O,2012-10-03,48,84.4166666666667,7.99178907563025
ACORN-O,2012-10-04,48,85.0,8.36287058941176
ACORN-O,2012-10-05,48,85.5416666666667,8.52094651393981
ACORN-O,2012-10-06,48,84.0208333333333,8.76503432333987
ACORN-O,2012-10-07,48,85.9583333333333,9.18946871306755
ACORN-O,2012-10-08,48,85.5625,8.68983105567716
ACORN-O,2012-10-09,48,86.4791666666667,8.12400373769046
ACORN-O,2012-10-10,48,87.9791666666667,8.36793507564002
ACORN-O,2012-10-11,48,88.3958333333333,8.37834078591675
ACORN-O,2012-10-12,48,90.7708333333333,7.88475723688836
ACORN-O,2012-10-13,48,92.0,8.69310869130435
ACORN-O,2012-10-14,48,91.0208333333333,9.22957298026756
ACORN-O,2012-10-15,48,91.9791666666667,8.75540289059962
ACORN-O,2012-10-16,48,92.8333333333333,8.10183049963737
ACORN-O,2012-10-17,48,92.9791666666667,8.35607555846551
ACORN-O,2012-10-18,48,94.5833333333333,8.20408181838214
ACORN-O,2012-10-19,48,98.5208333333333,8.62089545584018
ACORN-O,2012-10-20,48,100.0,8.776159994
ACORN-O,2012-10-21,48,100.0,9.28884
ACORN-O,2012-10-22,48,100.583333333333,8.44836603860396
ACORN-O,2012-10-23,48,101.0,8.54648515247525
ACORN-O,2012-10-24,48,100.020833333333,8.12277346134653
ACORN-O,2012-10-25,48,101.354166666667,8.4418787992914
ACORN-O,2012-10-26,48,102.0,8.88389214901961
ACORN-O,2012-10-27,48,102.0,9.29270588235294
ACORN-O,2012-10-28,48,102.0,10.5601666666667
ACORN-O,2012-10-29,48,102.0,8.93582353333333
ACORN-O,2012-10-30,48,102.0,8.73561764705882
ACORN-O,2012-10-31,48,101.020833333333,8.54629867788779
ACORN-O,2012-11-01,48,101.979166666667,8.60923869151621
ACORN-O,2012-11-02,48,102.0,9.00498039019608
ACORN-O,2012-11-03,48,102.0,9.57186274215686
ACORN-O,2012-11-04,48,102.0,10.1419117676471
ACORN-O,2012-11-05,48,102.0,9.06678431372549
ACORN-O,2012-11-06,48,102.0,9.60290195980392
ACORN-O,2012-11-07,48,101.979166666667,9.07848815469812
ACORN-O,2012-11-08,48,99.0625,9.05493463850267
ACORN-O,2012-11-09,48,101.9375,8.71062923844326
ACORN-O,2012-11-10,48,102.0,9.42254902058824
ACORN-O,2012-11-11,48,102.0,10.439205877451
ACORN-O,2012-11-12,48,102.583333333333,9.4472539442985
ACORN-O,2012-11-13,48,103.0,8.65551456116505
ACORN-O,2012-11-14,48,103.0,8.10414563300971
ACORN-O,2012-11-15,48,103.0,8.69432038058252
ACORN-O,2012-11-16,48,102.020833333333,9.36776128123929
ACORN-O,2012-11-17,48,102.0,9.05582352745098
ACORN-O,2012-11-18,48,102.0,10.0307548980392
ACORN-O,2012-11-19,48,102.979166666667,8.94607157814582
ACORN-O,2012-11-20,48,103.0,8.8933786407767
ACORN-O,2012-11-21,48,103.0,9.28093203592233
ACORN-O,2012-11-22,48,103.0,8.92674756699029
ACORN-O,2012-11-23,48,102.875,8.71166050711277
ACORN-O,2012-11-24,48,103.0,9.61622329514563
ACORN-O,2012-11-25,48,102.958333333333,10.1469325223974
ACORN-O,2012-11-26,48,103.0,8.87354368737864
ACORN-O,2012-11-27,48,103.0,9.03590291941748
ACORN-O,2012-11-28,48,103.0,9.17128155242719
ACORN-O,2012-11-29,48,103.0,9.74820388834952
ACORN-O,2012-11-30,48,103.0,9.3839223223301
ACORN-O,2012-12-01,48,103.0,10.0993203873786
ACORN-O,2012-12-02,48,103.0,11.1103203834951
ACORN-O,2012-12-03,48,102.791666666667,10.0909232848468
ACORN-O,2012-12-04,48,103.0,9.61213591941748
ACORN-O,2012-12-05,48,102.979166666667,9.25145708088711
ACORN-O,2012-12-06,48,103.0,9.19607767281553
ACORN-O,2012-12-07,48,103.0,9.75615533592233
ACORN-O,2012-12-08,48,103.0,10.4947475776699
ACORN-O,2012-12-09,48,103.0,11.1443883436893
ACORN-O,2012-12-10,48,103.0,9.70191261941748
ACORN-O,2012-12-11,48,92.2083333333333,10.4459182826763
ACORN-O,2012-12-12,48,102.75,10.39204789386
ACORN-O,2012-12-13,48,103.0,10.0661262126214
ACORN-O,2012-12-14,48,103.0,9.78890291067961
ACORN-O,2012-12-15,48,103.0,10.1803786427184
ACORN-O,2012-12-16,48,103.0,10.394407768932
ACORN-O,2012-12-17,48,103.0,9.92861165436893
ACORN-O,2012-12-18,48,102.9375,10.0085742204916
ACORN-O,2012-12-19,48,102.729166666667,9.75850380244622
ACORN-O,2012-12-20,48,102.979166666667,10.178869500238
ACORN-O,2012-12-21,48,103.0,9.79501942621359
ACORN-O,2012-12-22,48,102.9375,10.2225200960987
ACORN-O,2012-12-23,48,103.0,10.4537184456311
ACORN-O,2012-12-24,48,102.958333333333,9.78698134473709
ACORN-O,2012-12-25,48,103.0,10.3713203951456
ACORN-O,2012-12-26,48,103.0,9.74330096893204
ACORN-O,2012-12-27,48,103.0,10.557786407767
ACORN-O,2012-12-28,48,102.958333333333,9.24245630873786
ACORN-O,2012-12-29,48,102.979166666667,10.3879985664192
ACORN-O,2012-12-30,48,102.895833333333,10.3877139884585
ACORN-O,2012-12-31,48,103.0,9.86325243009709
ACORN-O,2013-01-01,48,103.0,9.8631456368932
ACORN-O,2013-01-02,48,103.0,10.0948349514563
ACORN-O,2013-01-03,48,103.0,9.49831068252427
ACORN-O,2013-01-04,48,103.0,9.34737863786408
ACORN-O,2013-01-05,48,103.0,10.2239417543689
ACORN-O,2013-01-06,48,102.979166666667,10.7324168978298
ACORN-O,2013-01-07,48,102.020833333333,9.44026584515515
ACORN-O,2013-01-08,48,102.979166666667,9.1492404369408
ACORN-O,2013-01-09,48,102.979166666667,8.99823025132305
ACORN-O,2013-01-10,48,102.020833333333,9.71255415756711
ACORN-O,2013-01-11,48,100.041666666667,9.80774941976471
ACORN-O,2013-01-12,48,100.979166666667,10.6812672287129
ACORN-O,2013-01-13,48,101.958333333333,11.4620247563968
ACORN-O,2013-01-14,48,101.708333333333,10.3409616485096
ACORN-O,2013-01-15,48,102.0,10.3249117617647
ACORN-O,2013-01-16,48,102.0,9.94257843529412
ACORN-O,2013-01-17,48,102.0,9.98656862941177
ACORN-O,2013-01-18,48,101.9375,10.8286349855271
ACORN-O,2013-01-19,48,102.0,11.4639215666667
ACORN-O,2013-01-20,48,101.979166666667,12.2078362405067
ACORN-O,2013-01-21,48,102.0,10.9367352980392
ACORN-O,2013-01-22,48,102.0,10.5999902019608
ACORN-O,2013-01-23,48,102.0,10.3060784382353
ACORN-O,2013-01-24,48,102.0,10.3185196098039
ACORN-O,2013-01-25,48,101.0,11.0191700603087
ACORN-O,2013-01-26,48,101.979166666667,10.7722354941371
ACORN-O,2013-01-27,48,102.0,11.8378823578431
ACORN-O,2013-01-28,48,102.0,9.81407842941177
ACORN-O,2013-01-29,48,102.0,9.93120587843137
ACORN-O,2013-01-30,48,101.979166666667,9.3562849932052
ACORN-O,2013-01-31,48,102.0,9.73309803137255
ACORN-O,2013-02-01,48,101.979166666667,9.68699155503786
ACORN-O,2013-02-02,48,102.0,10.2535784284314
ACORN-O,2013-02-03,48,101.979166666667,10.9224804902155
ACORN-O,2013-02-04,48,102.0,10.1065490166667
ACORN-O,2013-02-05,48,102.0,9.97337254803922
ACORN-O,2013-02-06,48,102.0,9.96321568431373
ACORN-O,2013-02-07,48,101.020833333333,9.97309939916521
ACORN-O,2013-02-08,48,101.979166666667,9.52309774409823
ACORN-O,2013-02-09,48,101.625,10.9854527266744
ACORN-O,2013-02-10,48,100.770833333333,11.3227592109307
ACORN-O,2013-02-11,48,101.875,10.6376411386042
ACORN-O,2013-02-12,48,101.958333333333,10.2176525927102
ACORN-O,2013-02-13,48,101.020833333333,9.88585595129101
ACORN-O,2013-02-14,48,101.0,9.97433663267327
ACORN-O,2013-02-15,48,101.979166666667,8.88036866333722
ACORN-O,2013-02-16,48,102.0,10.2613627362745
ACORN-O,2013-02-17,48,101.020833333333,10.8953963436808
ACORN-O,2013-02-18,48,101.979166666667,9.63346613289652
ACORN-O,2013-02-19,48,101.020833333333,9.87432372849932
ACORN-O,2013-02-20,48,99.8958333333333,9.52681262627203
ACORN-O,2013-02-21,48,99.0,10.1903098927541
ACORN-O,2013-02-22,48,99.0,10.6090909070707
ACORN-O,2013-02-23,48,99.9791666666667,11.535477069697
ACORN-O,2013-02-24,48,100.0,12.094709991
ACORN-O,2013-02-25,48,99.875,9.91265947170707
ACORN-O,2013-02-26,48,99.0208333333333,10.1085001
ACORN-O,2013-02-27,48,99.9791666666667,9.51246101810101
ACORN-O,2013-02-28,48,100.0,9.154299997
ACORN-O,2013-03-01,48,100.0,9.819290004
ACORN-O,2013-03-02,48,100.0,10.473509995
ACORN-O,2013-03-03,48,100.0,11.241020007
ACORN-O,2013-03-04,48,99.0208333333333,9.42592474444444
ACORN-O,2013-03-05,48,99.9791666666667,8.70089313631313
ACORN-O,2013-03-06,48,100.0,8.454979997
ACORN-O,2013-03-07,48,98.0416666666667,9.11082347346939
ACORN-O,2013-03-08,48,98.0,8.73934694489796
ACORN-O,2013-03-09,48,98.6875,9.63704324545656
ACORN-O,2013-03-10,48,99.0,10.9720606020202
ACORN-O,2013-03-11,48,98.9791666666667,10.7015617418677
ACORN-O,2013-03-12,48,98.7916666666667,10.2065754952099
ACORN-O,2013-03-13,48,97.9166666666667,9.45522458855788
ACORN-O,2013-03-14,48,98.8333333333333,9.19146692874686
ACORN-O,2013-03-15,48,97.9583333333333,9.24284641808385
ACORN-O,2013-03-16,48,98.9791666666667,9.32547463936302
ACORN-O,2013-03-17,48,98.0,9.83980491322833
ACORN-O,2013-03-18,48,98.9791666666667,9.47150958364255
ACORN-O,2013-03-19,48,98.0208333333333,9.16131695312307
ACORN-O,2013-03-20,48,98.0,9.42957142653061
ACORN-O,2013-03-21,48,98.0,9.22022448877551
ACORN-O,2013-03-22,48,98.9791666666667,9.87877861045145
ACORN-O,2013-03-23,48,98.0208333333333,10.7570619449701
ACORN-O,2013-03-24,48,97.8958333333333,11.7332938586499
ACORN-O,2013-03-25,48,98.9791666666667,10.5346138930324
ACORN-O,2013-03-26,48,97.8541666666667,10.5046599020916
ACORN-O,2013-03-27,48,98.9583333333333,10.4833005432052
ACORN-O,2013-03-28,48,98.0208333333333,9.94566965473098
ACORN-O,2013-03-29,48,98.0,10.3256326622449
ACORN-O,2013-03-30,48,98.9791666666667,9.37678633070501
ACORN-O,2013-03-31,48,98.0208333333333,9.60065470628736
ACORN-O,2013-04-01,48,98.9791666666667,9.60390816225521
ACORN-O,2013-04-02,48,98.0208333333333,8.92593764478458
ACORN-O,2013-04-03,48,98.0,9.27853061836735
ACORN-O,2013-04-04,48,97.9791666666667,9.83678781719966
ACORN-O,2013-04-05,48,98.9791666666667,9.80546505874047
ACORN-O,2013-04-06,48,98.0208333333333,9.09001711701711
ACORN-O,2013-04-07,48,98.9791666666667,8.86184816856318
ACORN-O,2013-04-08,48,98.0208333333333,8.56190908784787
ACORN-O,2013-04-09,48,98.9791666666667,8.63881828488971
ACORN-O,2013-04-10,48,98.0208333333333,8.6221667697382
ACORN-O,2013-04-11,48,98.9791666666667,8.3485173099464
ACORN-O,2013-04-12,48,98.9791666666667,8.77208121529581
ACORN-O,2013-04-13,48,99.0,9.12862625858586
ACORN-O,2013-04-14,48,98.9791666666667,9.42526406825397
ACORN-O,2013-04-15,48,99.0,8.17475758080808
ACORN-O,2013-04-16,48,98.0208333333333,7.9093201422181
ACORN-O,2013-04-17,48,98.0,7.76475510408163
ACORN-O,2013-04-18,48,96.0416666666667,7.88267134353741
ACORN-O,2013-04-19,48,96.8125,7.84928457799613
ACORN-O,2013-04-20,48,97.7916666666667,8.14721554771112
ACORN-O,2013-04-21,48,96.9791666666667,8.61503777823912
ACORN-O,2013-04-22,48,95.9583333333333,8.28410318321577
ACORN-O,2013-04-23,48,96.9791666666667,7.56542836993127
ACORN-O,2013-04-24,48,95.0416666666667,7.36413282586001
ACORN-O,2013-04-25,48,97.9375,7.58435337937701
ACORN-O,2013-04-26,48,98.0,7.69698979795918
ACORN-O,2013-04-27,48,97.0,8.15336118287397
ACORN-O,2013-04-28,48,97.9583333333333,8.58873543126446
ACORN-O,2013-04-29,48,97.0208333333333,7.54134946554808
ACORN-O,2013-04-30,48,97.9375,7.67637924746827
ACORN-O,2013-05-01,48,97.7291666666667,7.53041920564226
ACORN-O,2013-05-02,48,97.8541666666667,7.64974135510498
ACORN-O,2013-05-03,48,98.0,7.30900000204082
ACORN-O,2013-05-04,48,96.0208333333333,7.89420817267947
ACORN-O,2013-05-05,48,97.8541666666667,7.92349327378793
ACORN-O,2013-05-06,48,98.0,7.77533673979592
ACORN-O,2013-05-07,48,98.0,7.50981632755102
ACORN-O,2013-05-08,48,98.0,7.28237754795918
ACORN-O,2013-05-09,48,98.0,7.68437754795918
ACORN-O,2013-05-10,48,97.9791666666667,7.61212981377025
ACORN-O,2013-05-11,48,98.0,7.98084693673469
ACORN-O,2013-05-12,48,98.0,8.69129592040816
ACORN-O,2013-05-13,48,98.0,7.58114286122449
ACORN-O,2013-05-14,48,97.7916666666667,7.76019177262781
ACORN-O,2013-05-15,48,98.0,8.31298979795918
ACORN-O,2013-05-16,48,97.9791666666667,7.73569661878813
ACORN-O,2013-05-17,48,97.0208333333333,8.18869703757627
ACORN-O,2013-05-18,48,97.9791666666667,7.68295487366926
ACORN-O,2013-05-19,48,98.0,8.07540816530612
ACORN-O,2013-05-20,48,96.9375,7.2760493837687
ACORN-O,2013-05-21,48,97.9791666666667,7.51385766884073
ACORN-O,2013-05-22,48,98.0,7.24993877142857
ACORN-O,2013-05-23,48,98.0,7.85466326428571
ACORN-O,2013-05-24,48,98.0,8.47213264795918
ACORN-O,2013-05-25,48,97.7916666666667,7.8954394077004
ACORN-O,2013-05-26,48,97.9791666666667,7.83157101084578
ACORN-O,2013-05-27,48,97.9791666666667,7.35536334844309
ACORN-O,2013-05-28,48,98.0,7.32389796020408
ACORN-O,2013-05-29,48,97.0208333333333,7.71342667685672
ACORN-O,2013-05-30,48,97.9791666666667,8.03384388602988
ACORN-O,2013-05-31,48,98.0,7.40558162653061
ACORN-O,2013-06-01,48,98.0,7.67043877040816
ACORN-O,2013-06-02,48,97.0208333333333,8.08062465707974
ACORN-O,2013-06-03,48,97.9791666666667,7.39641268366295
ACORN-O,2013-06-04,48,98.0,7.38324489591837
ACORN-O,2013-06-05,48,97.0208333333333,7.23189606564275
ACORN-O,2013-06-06,48,96.8958333333333,7.26126418845472
ACORN-O,2013-06-07,48,97.9791666666667,7.03402051233958
ACORN-O,2013-06-08,48,97.0208333333333,7.58573122650957
ACORN-O,2013-06-09,48,97.0,8.65580412886598
ACORN-O,2013-06-10,48,97.0,7.59512371752577
ACORN-O,2013-06-11,48,97.9791666666667,7.06706816747317
ACORN-O,2013-06-12,48,97.0208333333333,7.84621333378919
ACORN-O,2013-06-13,48,96.0208333333333,7.3793989507195
ACORN-O,2013-06-14,48,97.9583333333333,6.97169770612245
ACORN-O,2013-06-15,48,97.0208333333333,7.46462792332211
ACORN-O,2013-06-16,48,97.0,7.9411752556701
ACORN-O,2013-06-17,48,97.0,7.4067216443299
ACORN-O,2013-06-18,48,97.0,7.37401030515464
ACORN-O,2013-06-19,48,97.9791666666667,7.36400389227856
ACORN-O,2013-06-20,48,98.0,7.38519387653061
ACORN-O,2013-06-21,48,97.0208333333333,7.40198685144119
ACORN-O,2013-06-22,48,97.9791666666667,6.97211508622975
ACORN-O,2013-06-23,48,97.0208333333333,7.8985360814433
ACORN-O,2013-06-24,48,96.0208333333333,7.41693621446521
ACORN-O,2013-06-25,48,96.9791666666667,7.06325236151203
ACORN-O,2013-06-26,48,97.0,7.20757730824742
ACORN-O,2013-06-27,48,96.0208333333333,6.94166043710266
ACORN-O,2013-06-28,48,96.0,7.17780208125
ACORN-O,2013-06-29,48,96.0,7.16871875
ACORN-O,2013-06-30,48,95.0208333333333,7.45378662807018
ACORN-O,2013-07-01,48,96.9583333333333,7.14177232875746
ACORN-O,2013-07-02,48,97.0,7.03979381649485
ACORN-O,2013-07-03,48,96.0,6.92391677310205
ACORN-O,2013-07-04,48,95.0,7.40399684455767
ACORN-O,2013-07-05,48,95.9583333333333,7.03335515455044
ACORN-O,2013-07-06,48,96.0,6.95980208229167
ACORN-O,2013-07-07,48,95.0208333333333,7.44388366017544
ACORN-O,2013-07-08,48,95.9791666666667,7.0182110776864
ACORN-O,2013-07-09,48,96.0,6.94533333125
ACORN-O,2013-07-10,48,96.0,6.84796875
ACORN-O,2013-07-11,48,95.0208333333333,6.95139023808114
ACORN-O,2013-07-12,48,94.7916666666667,6.5329908174804
ACORN-O,2013-07-13,48,94.8333333333333,7.35826797417693
ACORN-O,2013-07-14,48,94.9791666666667,7.46236775335946
ACORN-O,2013-07-15,48,95.9791666666667,7.22242752817982
ACORN-O,2013-07-16,48,95.9791666666667,7.18774561299342
ACORN-O,2013-07-17,48,95.0,7.17017675822695
ACORN-O,2013-07-18,48,96.9583333333333,7.28293119810092
ACORN-O,2013-07-19,48,95.0416666666667,6.94081746940857
ACORN-O,2013-07-20,48,96.9583333333333,6.74655007932718
ACORN-O,2013-07-21,48,96.9791666666667,7.523664845189
ACORN-O,2013-07-22,48,96.9166666666667,7.23521283568341
ACORN-O,2013-07-23,48,96.0208333333333,7.52347197269115
ACORN-O,2013-07-24,48,95.0208333333333,7.16850888263158
ACORN-O,2013-07-25,48,96.9583333333333,7.34539414102008
ACORN-O,2013-07-26,48,96.0208333333333,7.45239099878651
ACORN-O,2013-07-27,48,95.0208333333333,7.22498377403509
ACORN-O,2013-07-28,48,95.875,7.68575773760543
ACORN-O,2013-07-29,48,96.0,6.92952082916667
ACORN-O,2013-07-30,48,95.9791666666667,6.95367422828947
ACORN-O,2013-07-31,48,96.9583333333333,6.68572336563574
ACORN-O,2013-08-01,48,96.0208333333333,7.07268878865979
ACORN-O,2013-08-02,48,96.9583333333333,6.94624763745704
ACORN-O,2013-08-03,48,96.0208333333333,6.96031765568084
ACORN-O,2013-08-04,48,96.0,7.33933332916667
ACORN-O,2013-08-05,48,96.9791666666667,7.39311565824742
ACORN-O,2013-08-06,48,96.0208333333333,6.95807237972509
ACORN-O,2013-08-07,48,96.0,6.82297916979167
ACORN-O,2013-08-08,48,96.9791666666667,6.70757377783505
ACORN-O,2013-08-09,48,96.0208333333333,6.96014196527062
ACORN-O,2013-08-10,48,96.9583333333333,6.97369286941581
ACORN-O,2013-08-11,48,96.0208333333333,7.23502223458978
ACORN-O,2013-08-12,48,96.0,6.76533332708333
ACORN-O,2013-08-13,48,95.0208333333333,6.8364205022807
ACORN-O,2013-08-14,48,95.9791666666667,7.06588673766447
ACORN-O,2013-08-15,48,96.9791666666667,6.93653694570447
ACORN-O,2013-08-16,48,96.0208333333333,6.79869264943084
ACORN-O,2013-08-17,48,96.9166666666667,7.24196681369452
ACORN-O,2013-08-18,48,97.0,7.64530928041237
ACORN-O,2013-08-19,48,97.0,7.20065979484536
ACORN-O,2013-08-20,48,97.0,7.23767010412371
ACORN-O,2013-08-21,48,97.0,7.19539174845361
ACORN-O,2013-08-22,48,96.0,7.17389934549647
ACORN-O,2013-08-23,48,96.0,7.18512500625
ACORN-O,2013-08-24,48,95.9583333333333,7.26810705099734
ACORN-O,2013-08-25,48,95.75,7.55834587746188
ACORN-O,2013-08-26,48,95.9791666666667,7.25805603175439
ACORN-O,2013-08-27,48,96.0,7.04341666354167
ACORN-O,2013-08-28,48,95.9791666666667,6.83634890350877
ACORN-O,2013-08-29,48,95.9583333333333,7.19846165780142
ACORN-O,2013-08-30,48,95.9583333333333,6.99211677319079
ACORN-O,2013-08-31,48,96.9166666666667,7.09557614347079
ACORN-O,2013-09-01,48,97.0,7.65288659484536
ACORN-O,2013-09-02,48,96.9375,7.13423732302406
ACORN-O,2013-09-03,48,95.0416666666667,7.19689766474227
ACORN-O,2013-09-04,48,96.9583333333333,7.19797916440586
ACORN-O,2013-09-05,48,97.0,7.53724741649485
ACORN-O,2013-09-06,48,97.0,7.14432989896907
ACORN-O,2013-09-07,48,97.0,7.46495876185567
ACORN-O,2013-09-08,48,97.0,8.0228969072165
ACORN-O,2013-09-09,48,96.0208333333333,7.32840302835052
ACORN-O,2013-09-10,48,96.9791666666667,7.50921467130584
ACORN-O,2013-09-11,48,97.0,7.40326803814433
ACORN-O,2013-09-12,48,97.0,7.2478453556701
ACORN-O,2013-09-13,48,97.0,7.34181443505155
ACORN-O,2013-09-14,48,96.9791666666667,7.93494716185567
ACORN-O,2013-09-15,48,97.0,8.2733814443299
ACORN-O,2013-09-16,48,96.9791666666667,7.66852062164948
ACORN-O,2013-09-17,48,97.0,7.51960824226804
ACORN-O,2013-09-18,48,96.0208333333333,7.07079413868127
ACORN-O,2013-09-19,48,96.0,7.42622916041667
ACORN-O,2013-09-20,48,96.0,7.25596874583333
ACORN-O,2013-09-21,48,96.9791666666667,7.77045511065292
ACORN-O,2013-09-22,48,97.0,8.10604123505155
ACORN-O,2013-09-23,48,95.5625,7.55908256456244
ACORN-O,2013-09-24,48,95.9791666666667,7.34123881891447
ACORN-O,2013-09-25,48,96.0,7.263968746875
ACORN-O,2013-09-26,48,94.8958333333333,6.94367844383402
ACORN-O,2013-09-27,48,95.0,7.11603158105263
ACORN-O,2013-09-28,48,95.0,7.60038947157895
ACORN-O,2013-09-29,48,95.0,8.35362104842105
ACORN-O,2013-09-30,48,95.9583333333333,7.66525855367325
ACORN-O,2013-10-01,48,96.9791666666667,7.36059869398625
ACORN-O,2013-10-02,48,96.0208333333333,7.38179703295747
ACORN-O,2013-10-03,48,96.9791666666667,7.54105208024055
ACORN-O,2013-10-04,48,95.9166666666667,7.5529892008857
ACORN-O,2013-10-05,48,96.0,7.38715624791667
ACORN-O,2013-10-06,48,96.0,8.19786458125
ACORN-O,2013-10-07,48,96.0,7.46208333333333
ACORN-O,2013-10-08,48,96.0,7.56316666979167
ACORN-O,2013-10-09,48,96.0,7.6034895875
ACORN-O,2013-10-10,48,96.9791666666667,7.81520780051546
ACORN-O,2013-10-11,48,97.0,8.01501031134021
ACORN-O,2013-10-12,48,96.9791666666667,7.84242203092784
ACORN-O,2013-10-13,48,96.0208333333333,9.34796423656572
ACORN-O,2013-10-14,48,96.7708333333333,8.38282560134235
ACORN-O,2013-10-15,48,97.0,8.05735051340206
ACORN-O,2013-10-16,48,96.0208333333333,8.2794756207689
ACORN-O,2013-10-17,48,96.9791666666667,7.97034880446735
ACORN-O,2013-10-18,48,96.9791666666667,7.79838111907216
ACORN-O,2013-10-19,48,97.0,8.11023711443299
ACORN-O,2013-10-20,48,97.0,8.6620721628866
ACORN-O,2013-10-21,48,96.0208333333333,7.89636823036942
ACORN-O,2013-10-22,48,96.9791666666667,7.63007452542955
ACORN-O,2013-10-23,48,97.0,7.86629896804124
ACORN-O,2013-10-24,48,96.9583333333333,7.66642983749322
ACORN-O,2013-10-25,48,96.0208333333333,8.07840034886168
ACORN-O,2013-10-26,48,96.0,8.17440625208333
ACORN-O,2013-10-27,48,96.9791666666667,8.72493654484536
ACORN-O,2013-10-28,48,96.0208333333333,7.88652383915378
ACORN-O,2013-10-29,48,96.0,7.68530208229167
ACORN-O,2013-10-30,48,96.0,7.82634374791667
ACORN-O,2013-10-31,48,96.9791666666667,7.65329080652921
ACORN-O,2013-11-01,48,97.0,7.6365051556701
ACORN-O,2013-11-02,48,96.9791666666667,7.79584364054983
ACORN-O,2013-11-03,48,97.0,9.66422681030928
ACORN-O,2013-11-04,48,95.0208333333333,8.20090811412741
ACORN-O,2013-11-05,48,95.9791666666667,8.23999188595395
ACORN-O,2013-11-06,48,96.9791666666667,7.96214819381443
ACORN-O,2013-11-07,48,97.0,8.26252576597938
ACORN-O,2013-11-08,48,97.0,8.69182474329897
ACORN-O,2013-11-09,48,97.0,9.02308247525773
ACORN-O,2013-11-10,48,96.9583333333333,9.44453285670103
ACORN-O,2013-11-11,48,95.0208333333333,8.48629124808072
ACORN-O,2013-11-12,48,95.9791666666667,8.32385493421053
ACORN-O,2013-11-13,48,95.7291666666667,8.15179506786184
ACORN-O,2013-11-14,48,96.0,7.99733333333333
ACORN-O,2013-11-15,48,95.9375,8.05974126760753
ACORN-O,2013-11-16,48,95.0208333333333,8.33750087615132
ACORN-O,2013-11-17,48,96.9583333333333,9.49844818024959
ACORN-O,2013-11-18,48,96.0,8.34288318855297
ACORN-O,2013-11-19,48,95.9791666666667,8.18296612050439
ACORN-O,2013-11-20,48,95.9791666666667,8.48705756683114
ACORN-O,2013-11-21,48,96.0,8.49110416354167
ACORN-O,2013-11-22,48,95.0208333333333,8.29070920631579
ACORN-O,2013-11-23,48,94.0208333333333,8.42860739612542
ACORN-O,2013-11-24,48,94.9583333333333,8.91411612015678
ACORN-O,2013-11-25,48,94.0,8.67628791366242
ACORN-O,2013-11-26,48,93.0208333333333,8.86219103717685
ACORN-O,2013-11-27,48,94.9166666666667,8.55195148030753
ACORN-O,2013-11-28,48,95.0,8.87141052315789
ACORN-O,2013-11-29,48,94.9791666666667,8.7143015624748
ACORN-O,2013-11-30,48,95.0,8.8742842031579
ACORN-O,2013-12-01,48,94.0208333333333,9.7569090737402
ACORN-O,2013-12-02,48,94.0,8.65574467021277
ACORN-O,2013-12-03,48,94.0,8.78834042234043
ACORN-O,2013-12-04,48,94.0,8.97725530957447
ACORN-O,2013-12-05,48,94.9791666666667,9.56536428086226
ACORN-O,2013-12-06,48,94.0208333333333,9.36639663947368
ACORN-O,2013-12-07,48,93.9583333333333,9.2528140557123
ACORN-O,2013-12-08,48,94.9791666666667,10.0041983150056
ACORN-O,2013-12-09,48,94.0208333333333,8.9183587905935
ACORN-O,2013-12-10,48,94.0,8.70470212340425
ACORN-O,2013-12-11,48,94.0,9.34005319893617
ACORN-O,2013-12-12,48,92.7916666666667,9.09688651546717
ACORN-O,2013-12-13,48,93.9791666666667,8.47022283123999
ACORN-O,2013-12-14,48,93.0208333333333,9.30402653639899
ACORN-O,2013-12-15,48,93.0,9.92236559354839
ACORN-O,2013-12-16,48,93.9791666666667,8.75823872616106
ACORN-O,2013-12-17,48,94.0,8.60329787021277
ACORN-O,2013-12-18,48,93.9375,8.66016074457564
ACORN-O,2013-12-19,48,93.9791666666667,9.18256290828186
ACORN-O,2013-12-20,48,93.0208333333333,8.90417878881263
ACORN-O,2013-12-21,48,93.9791666666667,9.5568143487989
ACORN-O,2013-12-22,48,93.9583333333333,9.7246871435827
ACORN-O,2013-12-23,48,93.9583333333333,9.68339212888355
ACORN-O,2013-12-24,48,93.9583333333333,9.57982853531229
ACORN-O,2013-12-25,48,93.9791666666667,10.289576413784
ACORN-O,2013-12-26,48,93.9583333333333,8.97132677756707
ACORN-O,2013-12-27,48,94.0,8.71011702021277
ACORN-O,2013-12-28,48,94.0,9.14853191382979
ACORN-O,2013-12-29,48,93.8125,9.47050561362654
ACORN-O,2013-12-30,48,93.9375,9.18544472747506
ACORN-O,2013-12-31,48,93.0208333333333,9.62195469070007
ACORN-O,2014-01-01,48,93.9791666666667,9.49976996322352
ACORN-O,2014-01-02,48,94.0,8.88357446489362
ACORN-O,2014-01-03,48,93.0208333333333,8.67610318327614
ACORN-O,2014-01-04,48,93.8125,9.79302936266008
ACORN-O,2014-01-05,48,93.5,10.0105252145698
ACORN-O,2014-01-06,48,93.9583333333333,8.81198080587419
ACORN-O,2014-01-07,48,94.0,8.96045744893617
ACORN-O,2014-01-08,48,93.0208333333333,8.57941786453901
ACORN-O,2014-01-09,48,92.8958333333333,8.85891864927536
ACORN-O,2014-01-10,48,93.0,8.87932257204301
ACORN-O,2014-01-11,48,93.0,9.59286022258065
ACORN-O,2014-01-12,48,93.0,10.9567634376344
